id,event_timestamp,category,status,metrics__value_a,metrics__value_b,tags,sub_category
REC00254,2024-01-15T20:42:00,TypeB,completed,3897.83,86.81,urgent|flagged|vip|escalated,
REC00059,2024-01-15T10:57:00,TypeB,active,2528.63,0.5,urgent|reviewed,
REC00192,2024-01-15T17:36:00,TypeA,pending,4141.22,90.58,escalated,
REC00874,2024-01-17T03:42:00,TypeA,pending,2497.01,58.45,,
REC00298,2024-01-15T22:54:00,TypeD,pending,1222.21,38.98,reviewed|archived|flagged|vip,
REC00561,2024-01-16T12:03:00,TypeA,active,3041.61,25.78,archived|escalated|vip,alpha
REC00184,2024-01-15T17:12:00,TypeC,completed,2057.64,94.8,vip,
REC00342,2024-01-16T01:06:00,TypeB,failed,3459.88,14.69,flagged|escalated|archived|reviewed,
REC00935,2024-01-17T06:45:00,TypeD,completed,4552.89,75.74,archived|urgent,
REC00628,2024-01-16T15:24:00,TypeB,active,2233.24,14.25,flagged|urgent|vip|escalated,
REC00168,2024-01-15T16:24:00,TypeC,pending,2012.34,39.46,,
REC00126,2024-01-15T14:18:00,TypeB,completed,641.99,94.31,flagged|urgent|archived,gamma
REC00262,2024-01-15T21:06:00,TypeC,failed,4216.7,56.44,archived|escalated,gamma
REC01080,2024-01-17T14:00:00,TypeA,failed,2315.49,41.18,,
REC00189,2024-01-15T17:27:00,TypeD,completed,3920.13,23.05,vip|flagged|archived,
REC00704,2024-01-16T19:12:00,TypeD,completed,3658.25,21.29,flagged|vip|archived,
REC00596,2024-01-16T13:48:00,TypeC,pending,4263.59,66.05,archived|escalated,beta
REC00092,2024-01-15T12:36:00,TypeA,pending,2692.01,99.64,flagged|reviewed,
REC00142,2024-01-15T15:06:00,TypeC,failed,2094.26,36.41,,alpha
REC01018,2024-01-17T10:54:00,TypeC,active,1553.68,58.66,urgent|vip|flagged|reviewed,
REC00767,2024-01-16T22:21:00,TypeD,pending,597.78,46.4,archived|vip|urgent,
REC00386,2024-01-16T03:18:00,TypeC,failed,1216.73,35.43,archived|flagged,
REC00186,2024-01-15T17:18:00,TypeC,completed,555.2,30.35,escalated|reviewed|archived,
REC00649,2024-01-16T16:27:00,TypeD,failed,1675.46,47.96,escalated|reviewed|flagged|vip,
REC00661,2024-01-16T17:03:00,TypeC,completed,829.58,90.64,archived,
REC00273,2024-01-15T21:39:00,TypeB,completed,2787.7,49.14,reviewed|flagged,alpha
REC00679,2024-01-16T17:57:00,TypeB,active,766.82,11.04,,
REC00515,2024-01-16T09:45:00,TypeB,pending,1967.6,78.81,vip,
REC00350,2024-01-16T01:30:00,TypeC,active,1841.24,84.15,,
REC00554,2024-01-16T11:42:00,TypeB,completed,733.73,80.36,vip|urgent,
REC00570,2024-01-16T12:30:00,TypeC,active,2332.87,32.43,archived,alpha
REC01048,2024-01-17T12:24:00,TypeD,active,4339.04,6.9,vip|reviewed|flagged,
REC00875,2024-01-17T03:45:00,TypeB,failed,3857.9,17.49,archived|reviewed|vip|escalated,
REC00710,2024-01-16T19:30:00,TypeB,completed,193.14,17.31,,
REC00667,2024-01-16T17:21:00,TypeC,active,1720.6,9.53,urgent|reviewed|archived,
REC00993,2024-01-17T09:39:00,TypeC,active,1121.02,27.09,vip|escalated|urgent,
REC00493,2024-01-16T08:39:00,TypeC,active,27.11,62.92,archived,
REC00016,2024-01-15T08:48:00,TypeB,failed,2677.61,60.98,reviewed|escalated,
REC01120,2024-01-17T16:00:00,TypeA,active,619.97,,urgent|escalated|archived|vip,
REC00856,2024-01-17T02:48:00,TypeC,active,1068.42,11.67,flagged|urgent,
REC00356,2024-01-16T01:48:00,TypeD,failed,4366.56,80.05,,gamma
REC00042,2024-01-15T10:06:00,TypeC,active,1273.01,13.73,reviewed|urgent|archived,
REC00137,2024-01-15T14:51:00,TypeC,active,1602.2,3.68,archived,
REC00954,2024-01-17T07:42:00,TypeA,active,4779.39,74.42,urgent|vip|flagged|escalated,
REC00828,2024-01-17T01:24:00,TypeD,completed,1905.44,92.16,,
REC00334,2024-01-16T00:42:00,TypeB,completed,3017.1,62.65,vip,
REC00501,2024-01-16T09:03:00,TypeD,active,1420.08,19.42,urgent|archived|reviewed|flagged,
REC00409,2024-01-16T04:27:00,TypeD,active,3796.43,14.99,flagged,
REC00897,2024-01-17T04:51:00,TypeB,failed,4905.04,82.59,flagged,
REC00869,2024-01-17T03:27:00,TypeB,completed,3389.75,42.51,,
REC00650,2024-01-16T16:30:00,TypeB,pending,4954.0,68.8,vip|escalated,
REC00235,2024-01-15T19:45:00,TypeD,pending,514.27,31.77,,
REC00062,2024-01-15T11:06:00,TypeD,active,4550.34,75.29,urgent|escalated|reviewed|vip,alpha
REC00242,2024-01-15T20:06:00,TypeC,failed,2064.79,15.57,escalated|flagged,
REC00862,2024-01-17T03:06:00,TypeA,pending,1378.0,11.77,escalated,
REC00552,2024-01-16T11:36:00,TypeC,pending,607.34,98.42,flagged|reviewed|urgent,
REC00946,2024-01-17T07:18:00,TypeA,failed,2809.97,49.4,,
REC00850,2024-01-17T02:30:00,TypeD,active,1432.47,49.17,vip,
REC00283,2024-01-15T22:09:00,TypeD,pending,137.62,25.65,flagged|escalated|vip,
REC00610,2024-01-16T14:30:00,TypeA,pending,600.56,88.66,,
REC00707,2024-01-16T19:21:00,TypeB,completed,1691.2,10.86,archived,alpha
REC00532,2024-01-16T10:36:00,TypeC,pending,3574.33,43.14,,
REC00463,2024-01-16T07:09:00,TypeA,completed,1975.42,46.59,,
REC00476,2024-01-16T07:48:00,TypeD,pending,3970.37,34.72,reviewed,
REC00222,2024-01-15T19:06:00,TypeA,completed,4167.82,81.18,reviewed|flagged|archived|vip,
REC00964,2024-01-17T08:12:00,TypeD,active,2046.55,56.7,,alpha
REC00894,2024-01-17T04:42:00,TypeD,active,4541.65,16.54,archived,alpha
REC00975,2024-01-17T08:45:00,TypeD,pending,3292.9,19.57,flagged|urgent|escalated|archived,
REC00969,2024-01-17T08:27:00,TypeC,pending,3671.68,54.22,urgent,alpha
REC00913,2024-01-17T05:39:00,TypeA,active,3531.96,79.56,flagged|urgent,beta
REC00847,2024-01-17T02:21:00,TypeC,failed,2869.41,81.54,urgent|vip|escalated,
REC01070,2024-01-17T13:30:00,TypeD,pending,2766.94,20.02,,alpha
REC00390,2024-01-16T03:30:00,TypeD,active,2179.69,13.98,vip|urgent,
REC00525,2024-01-16T10:15:00,TypeB,failed,2283.56,40.74,escalated|reviewed|urgent|archived,
REC00147,2024-01-15T15:21:00,TypeC,failed,3013.39,51.76,reviewed|vip|urgent,gamma
REC00057,2024-01-15T10:51:00,TypeB,completed,2234.66,26.32,escalated|flagged,
REC00099,2024-01-15T12:57:00,TypeD,completed,3666.29,99.75,flagged,
REC00646,2024-01-16T16:18:00,TypeA,failed,2200.57,2.3,vip|archived,
REC00854,2024-01-17T02:42:00,TypeA,active,1657.23,32.1,archived,
REC00783,2024-01-16T23:09:00,TypeA,active,2383.44,64.95,urgent|reviewed|archived,
REC00002,2024-01-15T08:06:00,TypeA,failed,2096.68,24.07,archived|urgent|escalated|vip,
REC00261,2024-01-15T21:03:00,TypeA,failed,4852.75,5.2,flagged|archived,
REC00120,2024-01-15T14:00:00,TypeD,pending,2046.77,79.58,reviewed|escalated|urgent|flagged,
REC01066,2024-01-17T13:18:00,TypeA,pending,788.5,93.4,archived,
REC00942,2024-01-17T07:06:00,TypeB,pending,4922.67,2.73,flagged|urgent,beta
REC01078,2024-01-17T13:54:00,TypeB,failed,3030.15,53.02,urgent,gamma
REC00272,2024-01-15T21:36:00,TypeB,active,2567.12,38.32,archived|urgent|flagged|escalated,
REC00282,2024-01-15T22:06:00,TypeC,completed,4845.06,60.81,flagged,
REC00141,2024-01-15T15:03:00,TypeC,completed,3199.8,98.41,vip|flagged|urgent|escalated,alpha
REC00232,2024-01-15T19:36:00,TypeD,pending,3534.82,9.0,escalated|reviewed,
REC00791,2024-01-16T23:33:00,TypeA,active,2021.77,24.05,urgent|archived|escalated|flagged,
REC00106,2024-01-15T13:18:00,TypeA,pending,4131.83,10.73,archived|flagged|vip,
REC00670,2024-01-16T17:30:00,TypeB,active,1808.12,60.48,flagged|reviewed,
REC00836,2024-01-17T01:48:00,TypeB,pending,1549.45,11.49,archived|flagged|vip,
REC00581,2024-01-16T13:03:00,TypeC,completed,284.35,8.39,flagged,gamma
REC00587,2024-01-16T13:21:00,TypeC,pending,164.21,72.44,escalated,
REC01022,2024-01-17T11:06:00,TypeD,pending,4684.66,48.77,,
REC00804,2024-01-17T00:12:00,TypeD,failed,3491.59,96.61,,
REC00150,2024-01-15T15:30:00,TypeC,pending,4970.37,72.43,vip|escalated|urgent,
REC00302,2024-01-15T23:06:00,TypeD,completed,1728.95,43.56,vip|urgent,
REC00172,2024-01-15T16:36:00,TypeC,active,639.02,46.2,escalated,
REC00787,2024-01-16T23:21:00,TypeC,completed,4919.57,89.03,escalated,
REC01013,2024-01-17T10:39:00,TypeC,failed,4819.47,58.1,urgent,
REC00077,2024-01-15T11:51:00,TypeC,pending,267.57,66.2,reviewed,
REC00526,2024-01-16T10:18:00,TypeA,active,4251.39,43.08,,
REC00018,2024-01-15T08:54:00,TypeD,pending,961.14,98.47,reviewed|urgent|flagged,
REC00240,2024-01-15T20:00:00,TypeC,active,2392.92,62.82,flagged,
REC00163,2024-01-15T16:09:00,TypeD,completed,3095.2,3.1,urgent|archived|vip,
REC00276,2024-01-15T21:48:00,TypeB,failed,1691.71,35.25,escalated,
REC00775,2024-01-16T22:45:00,TypeD,failed,1266.87,24.1,,
REC00247,2024-01-15T20:21:00,TypeC,active,1806.9,4.05,reviewed|flagged|vip,alpha
REC00446,2024-01-16T06:18:00,TypeA,completed,2344.39,16.4,urgent|escalated|flagged|reviewed,
REC00974,2024-01-17T08:42:00,TypeA,pending,1603.58,61.82,vip,
REC01091,2024-01-17T14:33:00,TypeB,pending,1572.12,,escalated|urgent,
REC00982,2024-01-17T09:06:00,TypeD,completed,1877.06,73.04,archived|escalated|reviewed|flagged,
REC00112,2024-01-15T13:36:00,TypeC,completed,1277.74,26.03,reviewed|vip|escalated,
REC00122,2024-01-15T14:06:00,TypeA,completed,3225.95,39.07,reviewed|urgent|archived,
REC00819,2024-01-17T00:57:00,TypeA,active,3868.04,63.37,reviewed|vip,
REC00721,2024-01-16T20:03:00,TypeA,completed,3796.18,74.79,,
REC01133,2024-01-17T16:39:00,TypeC,pending,1647.02,,vip,
REC00891,2024-01-17T04:33:00,TypeA,pending,1259.62,93.62,vip,
REC00557,2024-01-16T11:51:00,TypeB,pending,2015.94,67.91,,
REC00198,2024-01-15T17:54:00,TypeB,pending,810.18,32.07,archived|flagged|vip|reviewed,
REC00647,2024-01-16T16:21:00,TypeB,pending,4575.03,56.08,archived,
REC01042,2024-01-17T12:06:00,TypeA,pending,4785.3,76.24,flagged|urgent,
REC01135,2024-01-17T16:45:00,TypeA,active,267.37,,vip|reviewed|urgent,
REC00817,2024-01-17T00:51:00,TypeA,pending,4267.59,45.96,archived,
REC00815,2024-01-17T00:45:00,TypeD,pending,4682.51,16.32,,
REC00770,2024-01-16T22:30:00,TypeC,completed,771.71,51.92,reviewed|flagged|vip,alpha
REC00514,2024-01-16T09:42:00,TypeD,failed,3033.42,11.84,escalated|archived|urgent,
REC00672,2024-01-16T17:36:00,TypeA,active,3348.63,68.42,,
REC00928,2024-01-17T06:24:00,TypeC,failed,2990.78,29.99,vip|reviewed|archived|escalated,
REC00494,2024-01-16T08:42:00,TypeA,failed,2955.33,59.57,,beta
REC00197,2024-01-15T17:51:00,TypeB,active,2371.48,55.72,archived|reviewed|vip,
REC00831,2024-01-17T01:33:00,TypeA,failed,3303.77,30.77,reviewed|flagged|escalated|vip,
REC01075,2024-01-17T13:45:00,TypeD,completed,4471.1,82.52,escalated|reviewed|flagged|vip,
REC01125,2024-01-17T16:15:00,TypeC,completed,1092.29,,urgent|archived|reviewed,
REC00951,2024-01-17T07:33:00,TypeD,active,3726.79,63.06,urgent|archived|vip,
REC00214,2024-01-15T18:42:00,TypeC,active,2259.38,74.42,,
REC00339,2024-01-16T00:57:00,TypeD,failed,4856.77,90.87,archived,
REC01144,2024-01-17T17:12:00,TypeA,active,4292.3,,vip,
REC00081,2024-01-15T12:03:00,TypeB,completed,2421.08,66.89,,
REC00519,2024-01-16T09:57:00,TypeB,completed,537.92,78.7,urgent|vip|escalated,
REC00161,2024-01-15T16:03:00,TypeA,completed,2390.81,13.27,flagged,
REC01025,2024-01-17T11:15:00,TypeA,active,230.49,12.44,,
REC00013,2024-01-15T08:39:00,TypeD,failed,412.1,44.92,flagged|reviewed|archived|vip,
REC00313,2024-01-15T23:39:00,TypeA,completed,4564.3,73.41,,
REC01050,2024-01-17T12:30:00,TypeB,completed,4962.13,36.54,,
REC00394,2024-01-16T03:42:00,TypeC,pending,4394.07,12.05,reviewed|escalated|archived,alpha
REC00692,2024-01-16T18:36:00,TypeB,completed,4600.55,9.99,vip|archived|flagged|urgent,beta
REC00723,2024-01-16T20:09:00,TypeD,completed,4596.39,34.78,vip|reviewed,gamma
REC00844,2024-01-17T02:12:00,TypeC,completed,2667.04,63.87,,
REC00984,2024-01-17T09:12:00,TypeB,pending,2451.7,42.69,vip|flagged,
REC00407,2024-01-16T04:21:00,TypeD,pending,2056.03,70.26,urgent|flagged|escalated,
REC00605,2024-01-16T14:15:00,TypeC,completed,1514.83,61.78,archived|flagged|urgent,
REC00880,2024-01-17T04:00:00,TypeB,completed,4889.86,11.83,archived,gamma
REC00032,2024-01-15T09:36:00,TypeD,completed,788.0,54.83,,gamma
REC00174,2024-01-15T16:42:00,TypeB,completed,4779.41,25.87,,
REC00233,2024-01-15T19:39:00,TypeD,active,2247.23,15.97,vip,
REC00687,2024-01-16T18:21:00,TypeB,pending,1431.69,3.96,,gamma
REC00359,2024-01-16T01:57:00,TypeC,failed,1663.53,46.84,flagged|urgent,
REC01059,2024-01-17T12:57:00,TypeC,pending,4053.58,67.56,escalated|vip|archived,
REC00601,2024-01-16T14:03:00,TypeB,active,4578.41,49.1,flagged|reviewed|urgent|escalated,
REC00609,2024-01-16T14:27:00,TypeA,failed,4731.37,47.02,vip|reviewed|flagged,
REC00750,2024-01-16T21:30:00,TypeD,failed,1395.14,9.98,reviewed|vip|archived|flagged,
REC00606,2024-01-16T14:18:00,TypeA,failed,3783.89,76.97,reviewed|urgent|vip|escalated,
REC00384,2024-01-16T03:12:00,TypeA,pending,3303.54,1.54,vip|flagged|urgent,
REC00726,2024-01-16T20:18:00,TypeC,pending,1836.53,98.42,reviewed|flagged,
REC00470,2024-01-16T07:30:00,TypeD,pending,4536.86,49.81,vip|urgent,gamma
REC00107,2024-01-15T13:21:00,TypeB,failed,922.87,80.26,vip|reviewed,
REC00529,2024-01-16T10:27:00,TypeA,failed,2693.82,34.07,flagged|vip|urgent|archived,
REC00019,2024-01-15T08:57:00,TypeA,pending,2838.25,53.66,escalated|urgent,alpha
REC00426,2024-01-16T05:18:00,TypeC,active,2287.59,70.69,,
REC00663,2024-01-16T17:09:00,TypeA,failed,2669.46,85.48,reviewed|urgent|archived,
REC01026,2024-01-17T11:18:00,TypeB,active,3536.13,92.47,,
REC01037,2024-01-17T11:51:00,TypeC,failed,4025.57,65.11,vip|flagged|escalated|archived,
REC01146,2024-01-17T17:18:00,TypeC,pending,161.55,,vip|reviewed,
REC00320,2024-01-16T00:00:00,TypeB,failed,3811.99,4.37,flagged|reviewed|escalated|vip,
REC01028,2024-01-17T11:24:00,TypeD,pending,3045.34,32.78,reviewed|archived,
REC00048,2024-01-15T10:24:00,TypeC,pending,3175.85,80.16,,
REC00533,2024-01-16T10:39:00,TypeB,failed,3075.2,16.64,archived|reviewed,
REC00985,2024-01-17T09:15:00,TypeD,completed,3553.68,86.37,,
REC00939,2024-01-17T06:57:00,TypeC,failed,3100.27,57.4,urgent,
REC00580,2024-01-16T13:00:00,TypeB,failed,1683.43,52.23,flagged|archived,
REC00657,2024-01-16T16:51:00,TypeC,pending,3013.58,86.5,flagged,
REC00535,2024-01-16T10:45:00,TypeA,failed,1526.46,6.39,,
REC00034,2024-01-15T09:42:00,TypeC,active,3820.76,32.6,archived|reviewed|urgent|flagged,
REC00125,2024-01-15T14:15:00,TypeC,completed,817.46,17.18,,beta
REC00173,2024-01-15T16:39:00,TypeC,active,3619.45,97.48,escalated|vip,
REC00630,2024-01-16T15:30:00,TypeA,completed,3509.69,96.7,urgent|flagged|archived,
REC00355,2024-01-16T01:45:00,TypeD,active,2945.69,25.03,archived|urgent,alpha
REC00608,2024-01-16T14:24:00,TypeC,pending,1732.94,84.39,reviewed|escalated,
REC01094,2024-01-17T14:42:00,TypeC,failed,3695.36,,urgent|reviewed|archived|vip,
REC01090,2024-01-17T14:30:00,TypeD,completed,2376.48,,reviewed,
REC00660,2024-01-16T17:00:00,TypeC,active,4784.32,64.52,,
REC00427,2024-01-16T05:21:00,TypeA,pending,2050.55,56.49,urgent|flagged,
REC00595,2024-01-16T13:45:00,TypeA,completed,673.92,85.82,reviewed|urgent|archived|flagged,
REC00451,2024-01-16T06:33:00,TypeA,active,374.54,33.73,,gamma
REC00368,2024-01-16T02:24:00,TypeA,active,1528.14,35.35,flagged|archived|urgent,
REC00134,2024-01-15T14:42:00,TypeC,pending,280.78,50.39,vip|reviewed|urgent,
REC00089,2024-01-15T12:27:00,TypeA,failed,434.17,77.69,,
REC00217,2024-01-15T18:51:00,TypeB,failed,3048.65,31.63,vip|archived|escalated|flagged,
REC01052,2024-01-17T12:36:00,TypeA,failed,2166.13,5.91,vip,gamma
REC00853,2024-01-17T02:39:00,TypeD,completed,3215.58,45.5,vip|escalated,
REC00825,2024-01-17T01:15:00,TypeD,failed,592.39,39.69,reviewed,
REC00921,2024-01-17T06:03:00,TypeD,pending,1825.61,88.16,archived|reviewed|flagged|vip,gamma
REC00203,2024-01-15T18:09:00,TypeD,completed,2523.71,27.17,flagged|reviewed|archived|urgent,
REC01074,2024-01-17T13:42:00,TypeB,failed,3452.29,61.75,escalated|flagged|archived,
REC00083,2024-01-15T12:09:00,TypeD,failed,706.58,19.24,,
REC00730,2024-01-16T20:30:00,TypeD,failed,4006.27,54.16,,
REC00255,2024-01-15T20:45:00,TypeA,active,113.23,96.74,escalated,
REC00349,2024-01-16T01:27:00,TypeB,failed,1506.65,70.74,urgent|escalated|reviewed,
REC01060,2024-01-17T13:00:00,TypeC,failed,4730.96,37.35,,alpha
REC00795,2024-01-16T23:45:00,TypeC,failed,4610.32,81.25,vip|flagged|urgent|escalated,
REC00727,2024-01-16T20:21:00,TypeA,completed,815.37,2.27,reviewed|archived,gamma
REC01089,2024-01-17T14:27:00,TypeA,completed,4894.08,,escalated|urgent|flagged|vip,
REC00116,2024-01-15T13:48:00,TypeD,completed,3877.24,66.48,,gamma
REC00821,2024-01-17T01:03:00,TypeB,completed,4447.14,24.23,,
REC01095,2024-01-17T14:45:00,TypeB,active,1092.66,,flagged,
REC00183,2024-01-15T17:09:00,TypeB,completed,514.42,57.46,reviewed|archived|urgent|flagged,
REC00117,2024-01-15T13:51:00,TypeC,active,196.9,34.0,,
REC01141,2024-01-17T17:03:00,TypeA,failed,3652.33,,vip|urgent|reviewed|archived,gamma
REC00961,2024-01-17T08:03:00,TypeB,active,1629.77,34.15,,
REC00252,2024-01-15T20:36:00,TypeD,active,4361.35,26.63,escalated,
REC01047,2024-01-17T12:21:00,TypeB,active,3801.24,96.86,flagged,
REC00807,2024-01-17T00:21:00,TypeD,pending,587.82,59.91,urgent|escalated,
REC00911,2024-01-17T05:33:00,TypeB,failed,1855.43,78.86,flagged|escalated|archived|vip,
REC00132,2024-01-15T14:36:00,TypeD,failed,1183.9,76.36,reviewed|archived|escalated,alpha
REC00625,2024-01-16T15:15:00,TypeD,pending,2447.12,0.17,,
REC00123,2024-01-15T14:09:00,TypeD,pending,4103.64,40.62,archived|reviewed,alpha
REC00151,2024-01-15T15:33:00,TypeD,failed,411.59,65.55,reviewed,
REC00014,2024-01-15T08:42:00,TypeD,completed,3416.79,38.04,reviewed,alpha
REC00221,2024-01-15T19:03:00,TypeC,pending,1614.41,26.8,escalated,
REC00728,2024-01-16T20:24:00,TypeB,failed,1809.94,25.84,vip,
REC00358,2024-01-16T01:54:00,TypeB,completed,4470.98,58.92,,
REC00329,2024-01-16T00:27:00,TypeC,pending,1802.88,9.1,vip|escalated,
REC00208,2024-01-15T18:24:00,TypeA,failed,3874.93,91.41,,
REC00684,2024-01-16T18:12:00,TypeB,active,356.82,8.22,urgent|flagged,
REC00719,2024-01-16T19:57:00,TypeA,completed,1353.21,77.62,archived|urgent|escalated,
REC00613,2024-01-16T14:39:00,TypeC,pending,3003.42,99.78,urgent|archived|escalated|reviewed,gamma
REC00397,2024-01-16T03:51:00,TypeA,pending,990.27,4.79,flagged|vip|urgent|reviewed,
REC00215,2024-01-15T18:45:00,TypeB,pending,1472.79,55.75,archived|flagged|urgent,
REC00295,2024-01-15T22:45:00,TypeA,pending,1750.98,44.98,urgent|vip|reviewed,
REC00314,2024-01-15T23:42:00,TypeB,failed,998.46,30.31,vip|urgent|flagged,
REC00095,2024-01-15T12:45:00,TypeD,completed,3416.01,19.81,vip|escalated,beta
REC00639,2024-01-16T15:57:00,TypeA,pending,4735.24,55.09,,
REC00520,2024-01-16T10:00:00,TypeA,pending,3532.59,66.14,flagged|archived|escalated|vip,gamma
REC01038,2024-01-17T11:54:00,TypeB,completed,67.19,36.94,urgent|escalated|flagged|reviewed,
REC00930,2024-01-17T06:30:00,TypeD,active,1162.61,36.92,escalated|urgent|flagged|vip,
REC00879,2024-01-17T03:57:00,TypeB,active,2778.67,59.53,reviewed|urgent|flagged,
REC00937,2024-01-17T06:51:00,TypeD,pending,2975.57,33.83,vip|flagged|escalated|urgent,alpha
REC00830,2024-01-17T01:30:00,TypeB,failed,962.18,0.61,flagged|archived|urgent,
REC00021,2024-01-15T09:03:00,TypeD,failed,2424.33,8.59,,
REC00735,2024-01-16T20:45:00,TypeA,active,4529.5,94.95,,alpha
REC00833,2024-01-17T01:39:00,TypeA,failed,3549.54,79.82,escalated|archived,
REC00591,2024-01-16T13:33:00,TypeB,active,4659.01,87.73,urgent|reviewed|flagged,gamma
REC01128,2024-01-17T16:24:00,TypeC,failed,4989.22,,escalated|vip,
REC01054,2024-01-17T12:42:00,TypeC,pending,4765.92,19.04,escalated,
REC01086,2024-01-17T14:18:00,TypeA,active,219.53,,flagged|reviewed|vip|urgent,
REC00802,2024-01-17T00:06:00,TypeB,completed,1531.15,49.15,urgent|escalated|vip,
REC00393,2024-01-16T03:39:00,TypeA,pending,682.81,59.52,archived|urgent|escalated|vip,
REC00067,2024-01-15T11:21:00,TypeC,pending,3088.7,64.28,,
REC01046,2024-01-17T12:18:00,TypeA,active,2887.78,20.76,escalated|vip,
REC01069,2024-01-17T13:27:00,TypeA,failed,4415.74,57.96,urgent|flagged,
REC00907,2024-01-17T05:21:00,TypeA,completed,4155.99,1.85,reviewed|urgent,
REC00800,2024-01-17T00:00:00,TypeA,active,2235.65,6.73,,beta
REC00677,2024-01-16T17:51:00,TypeB,failed,1827.49,66.18,,
REC01044,2024-01-17T12:12:00,TypeC,completed,2639.27,86.79,flagged|reviewed|urgent|vip,
REC00633,2024-01-16T15:39:00,TypeB,completed,3392.48,39.88,escalated|vip,
REC01138,2024-01-17T16:54:00,TypeA,active,3330.12,,flagged|urgent|escalated|vip,
REC00566,2024-01-16T12:18:00,TypeD,completed,4037.17,65.34,escalated|urgent|archived|vip,
REC00759,2024-01-16T21:57:00,TypeD,failed,2928.53,53.09,flagged|reviewed|archived,
REC01081,2024-01-17T14:03:00,TypeD,pending,2719.54,,,
REC00589,2024-01-16T13:27:00,TypeB,failed,3858.91,82.7,archived|flagged,
REC01015,2024-01-17T10:45:00,TypeD,pending,3567.69,2.02,flagged|vip|archived|reviewed,
REC00338,2024-01-16T00:54:00,TypeB,active,1900.33,0.42,vip|flagged|reviewed|archived,beta
REC01100,2024-01-17T15:00:00,TypeB,failed,4475.16,,,
REC00041,2024-01-15T10:03:00,TypeB,completed,3921.84,89.7,vip,
REC00720,2024-01-16T20:00:00,TypeD,active,2999.12,17.52,archived|escalated|vip|urgent,
REC01027,2024-01-17T11:21:00,TypeD,completed,3375.15,18.24,vip|flagged|urgent|archived,gamma
REC00544,2024-01-16T11:12:00,TypeA,active,3246.58,88.66,flagged|reviewed|archived,
REC01118,2024-01-17T15:54:00,TypeA,completed,4962.69,,,
REC00040,2024-01-15T10:00:00,TypeB,failed,694.3,12.16,flagged|urgent|reviewed,
REC00205,2024-01-15T18:15:00,TypeA,failed,3616.16,88.56,escalated|urgent|archived|reviewed,alpha
REC01034,2024-01-17T11:42:00,TypeD,failed,4007.22,20.8,reviewed|urgent|archived|escalated,
REC00199,2024-01-15T17:57:00,TypeA,active,3188.83,63.61,,alpha
REC00788,2024-01-16T23:24:00,TypeB,pending,786.8,56.8,archived,
REC00341,2024-01-16T01:03:00,TypeC,failed,3285.92,13.69,escalated|urgent,
REC00445,2024-01-16T06:15:00,TypeC,pending,541.61,23.87,archived,
REC00365,2024-01-16T02:15:00,TypeB,active,4983.2,15.08,urgent,
REC01131,2024-01-17T16:33:00,TypeD,failed,4583.63,,flagged,alpha
REC00410,2024-01-16T04:30:00,TypeB,completed,2621.7,80.16,urgent|escalated,
REC00578,2024-01-16T12:54:00,TypeB,pending,3482.47,0.39,reviewed,
REC00023,2024-01-15T09:09:00,TypeC,active,3453.44,91.41,flagged|urgent|vip|archived,
REC00280,2024-01-15T22:00:00,TypeD,completed,43.74,74.58,archived|vip|flagged,
REC00583,2024-01-16T13:09:00,TypeB,pending,3758.85,83.89,archived|flagged|urgent,
REC01136,2024-01-17T16:48:00,TypeB,active,906.8,,,
REC00153,2024-01-15T15:39:00,TypeD,completed,1485.13,92.86,urgent,
REC00528,2024-01-16T10:24:00,TypeA,active,2219.97,98.09,escalated|flagged|vip,
REC00886,2024-01-17T04:18:00,TypeB,active,2247.08,82.55,archived|vip|urgent,
REC00872,2024-01-17T03:36:00,TypeD,active,3701.44,20.99,urgent,
REC00779,2024-01-16T22:57:00,TypeD,completed,1152.08,11.49,escalated|flagged|vip|reviewed,
REC00459,2024-01-16T06:57:00,TypeC,active,1208.13,58.76,reviewed|archived|urgent|vip,
REC00452,2024-01-16T06:36:00,TypeB,completed,1716.94,81.06,escalated|reviewed|urgent,
REC00378,2024-01-16T02:54:00,TypeB,completed,1157.72,61.87,urgent|flagged|archived,
REC00249,2024-01-15T20:27:00,TypeD,completed,884.84,13.7,escalated,
REC01067,2024-01-17T13:21:00,TypeC,active,4014.43,23.22,urgent,
REC00971,2024-01-17T08:33:00,TypeC,active,4283.03,13.48,flagged|vip,
REC00970,2024-01-17T08:30:00,TypeB,pending,813.35,16.03,flagged|vip|archived|urgent,
REC01030,2024-01-17T11:30:00,TypeC,active,3941.52,83.4,archived,
REC00449,2024-01-16T06:27:00,TypeB,pending,3752.71,15.37,urgent|archived,
REC00914,2024-01-17T05:42:00,TypeA,completed,1743.68,65.14,archived|urgent|flagged,
REC00688,2024-01-16T18:24:00,TypeB,failed,848.79,66.96,flagged|archived|urgent,
REC01083,2024-01-17T14:09:00,TypeB,failed,2080.53,,archived|urgent|vip,
REC00453,2024-01-16T06:39:00,TypeD,failed,170.87,78.86,vip,
REC00065,2024-01-15T11:15:00,TypeA,pending,3731.18,47.39,,
REC01114,2024-01-17T15:42:00,TypeD,completed,1470.69,,flagged|urgent|reviewed,
REC00321,2024-01-16T00:03:00,TypeC,active,4818.4,16.81,archived|urgent,
REC00523,2024-01-16T10:09:00,TypeA,pending,1844.26,30.27,reviewed|archived,
REC00332,2024-01-16T00:36:00,TypeC,failed,930.87,82.53,reviewed|flagged,beta
REC00898,2024-01-17T04:54:00,TypeD,active,695.54,64.4,flagged|urgent|archived|escalated,beta
REC01068,2024-01-17T13:24:00,TypeD,completed,572.39,47.3,vip|escalated|urgent,
REC00530,2024-01-16T10:30:00,TypeA,active,533.22,82.54,archived|flagged,
REC00864,2024-01-17T03:12:00,TypeC,failed,404.22,47.86,reviewed|flagged|urgent,
REC00167,2024-01-15T16:21:00,TypeA,failed,3941.69,69.72,,
REC00178,2024-01-15T16:54:00,TypeC,failed,120.37,25.72,urgent|reviewed|archived,
REC00479,2024-01-16T07:57:00,TypeD,failed,551.06,26.02,flagged|archived|escalated,
REC00957,2024-01-17T07:51:00,TypeD,pending,1444.28,89.14,,alpha
REC00931,2024-01-17T06:33:00,TypeC,failed,2992.38,11.23,flagged|vip,
REC00011,2024-01-15T08:33:00,TypeD,completed,3585.97,88.7,urgent|archived,
REC00843,2024-01-17T02:09:00,TypeD,completed,3797.68,13.42,escalated|urgent|reviewed,
REC00109,2024-01-15T13:27:00,TypeB,failed,333.02,3.39,escalated|flagged|reviewed|archived,
REC00213,2024-01-15T18:39:00,TypeA,pending,4933.37,85.85,urgent,alpha
REC00478,2024-01-16T07:54:00,TypeD,completed,4811.01,18.71,archived|reviewed,
REC00746,2024-01-16T21:18:00,TypeC,pending,1325.79,34.86,,
REC00627,2024-01-16T15:21:00,TypeB,active,1146.11,86.93,escalated|archived,
REC00703,2024-01-16T19:09:00,TypeD,completed,1472.43,83.0,,
REC00157,2024-01-15T15:51:00,TypeB,completed,3948.12,39.16,urgent|escalated|reviewed|vip,alpha
REC00867,2024-01-17T03:21:00,TypeC,completed,3426.49,41.06,urgent|flagged|archived|reviewed,
REC00765,2024-01-16T22:15:00,TypeC,active,586.72,73.11,,
REC00049,2024-01-15T10:27:00,TypeB,pending,1329.61,12.17,,
REC00100,2024-01-15T13:00:00,TypeD,pending,1566.02,72.54,flagged|archived,
REC00960,2024-01-17T08:00:00,TypeD,active,4934.85,77.45,,alpha
REC00840,2024-01-17T02:00:00,TypeB,active,3448.63,38.04,vip|flagged|escalated|urgent,beta
REC00571,2024-01-16T12:33:00,TypeD,failed,4808.34,90.01,flagged,
REC00012,2024-01-15T08:36:00,TypeA,failed,304.18,76.82,vip,
REC00336,2024-01-16T00:48:00,TypeD,active,1099.19,37.25,,
REC00624,2024-01-16T15:12:00,TypeB,pending,3748.59,71.21,flagged,
REC00448,2024-01-16T06:24:00,TypeB,pending,85.41,94.33,vip|escalated|reviewed,
REC00399,2024-01-16T03:57:00,TypeD,failed,4864.95,38.71,archived|reviewed|urgent,
REC00486,2024-01-16T08:18:00,TypeC,completed,4326.44,71.22,escalated,
REC01057,2024-01-17T12:51:00,TypeC,failed,2115.03,29.58,reviewed|flagged|vip,
REC00055,2024-01-15T10:45:00,TypeA,active,81.13,62.54,archived|reviewed,gamma
REC00818,2024-01-17T00:54:00,TypeA,active,4437.64,15.38,reviewed|urgent,beta
REC01130,2024-01-17T16:30:00,TypeC,active,2373.95,,flagged|vip|archived,
REC00878,2024-01-17T03:54:00,TypeA,pending,4604.92,48.44,archived,
REC00061,2024-01-15T11:03:00,TypeB,failed,3823.91,72.07,reviewed|flagged|vip,gamma
REC00623,2024-01-16T15:09:00,TypeB,active,2697.45,23.21,reviewed,
REC00187,2024-01-15T17:21:00,TypeB,active,4647.8,6.89,archived,
REC00999,2024-01-17T09:57:00,TypeD,active,2355.36,14.09,flagged|vip|escalated|urgent,
REC00305,2024-01-15T23:15:00,TypeD,active,1144.09,45.27,vip,
REC00868,2024-01-17T03:24:00,TypeC,completed,4076.9,83.08,archived,
REC00473,2024-01-16T07:39:00,TypeC,active,946.42,91.8,urgent|archived|reviewed|flagged,
REC00888,2024-01-17T04:24:00,TypeA,failed,3331.61,47.35,reviewed|urgent|escalated|vip,
REC00979,2024-01-17T08:57:00,TypeB,failed,2678.1,16.94,reviewed,alpha
REC00323,2024-01-16T00:09:00,TypeD,active,4679.86,35.15,reviewed|vip,
REC00025,2024-01-15T09:15:00,TypeB,active,2593.02,35.56,,
REC00306,2024-01-15T23:18:00,TypeD,completed,2677.96,40.42,reviewed|vip|urgent|flagged,
REC00675,2024-01-16T17:45:00,TypeB,active,517.26,93.21,escalated|vip,
REC00760,2024-01-16T22:00:00,TypeD,active,3307.97,55.97,escalated|reviewed|urgent,beta
REC00567,2024-01-16T12:21:00,TypeC,active,2185.6,59.22,escalated|archived,
REC00901,2024-01-17T05:03:00,TypeA,pending,124.02,56.63,urgent|escalated|archived|vip,
REC00389,2024-01-16T03:27:00,TypeD,active,2900.33,88.29,vip,
REC00149,2024-01-15T15:27:00,TypeB,active,2071.76,51.83,vip|archived|reviewed|flagged,
REC00892,2024-01-17T04:36:00,TypeA,failed,629.87,56.05,flagged,
REC00450,2024-01-16T06:30:00,TypeA,completed,2853.36,12.08,reviewed|vip|escalated|flagged,
REC00381,2024-01-16T03:03:00,TypeA,pending,2720.93,20.49,flagged,
REC00536,2024-01-16T10:48:00,TypeA,completed,381.67,55.73,vip|escalated|flagged,
REC00266,2024-01-15T21:18:00,TypeA,pending,4329.38,62.09,flagged|escalated|urgent|vip,alpha
REC00824,2024-01-17T01:12:00,TypeA,failed,426.47,24.69,,
REC01043,2024-01-17T12:09:00,TypeB,pending,3411.18,69.25,archived,
REC00572,2024-01-16T12:36:00,TypeC,failed,3320.05,76.69,reviewed,
REC00553,2024-01-16T11:39:00,TypeA,failed,3437.71,3.22,archived,
REC00597,2024-01-16T13:51:00,TypeA,pending,169.12,90.98,escalated,alpha
REC01009,2024-01-17T10:27:00,TypeB,pending,3056.29,62.41,,
REC00087,2024-01-15T12:21:00,TypeA,active,170.9,70.95,escalated|archived|urgent,gamma
REC00883,2024-01-17T04:09:00,TypeC,failed,745.57,26.12,escalated|urgent,
REC00436,2024-01-16T05:48:00,TypeC,failed,788.36,29.11,vip|urgent|reviewed|archived,alpha
REC00908,2024-01-17T05:24:00,TypeB,active,1528.8,81.96,,
REC00568,2024-01-16T12:24:00,TypeC,active,2066.09,95.63,vip|urgent,
REC00534,2024-01-16T10:42:00,TypeA,pending,3458.83,20.92,escalated|vip,alpha
REC01117,2024-01-17T15:51:00,TypeB,pending,2701.22,,reviewed,
REC00026,2024-01-15T09:18:00,TypeC,failed,1303.28,69.25,archived|flagged,
REC01029,2024-01-17T11:27:00,TypeB,active,3842.76,7.55,escalated|archived|flagged|reviewed,
REC00919,2024-01-17T05:57:00,TypeB,failed,2660.97,77.04,escalated,
REC01122,2024-01-17T16:06:00,TypeB,active,4577.21,,,
REC00263,2024-01-15T21:09:00,TypeB,completed,1253.93,42.21,,
REC01036,2024-01-17T11:48:00,TypeA,completed,1919.43,25.66,urgent|flagged|reviewed|archived,
REC00224,2024-01-15T19:12:00,TypeD,failed,3544.61,92.6,urgent|archived|escalated|flagged,beta
REC00170,2024-01-15T16:30:00,TypeD,active,2662.41,75.45,vip|urgent|flagged|archived,
REC01113,2024-01-17T15:39:00,TypeB,completed,3748.95,,escalated|vip,
REC00981,2024-01-17T09:03:00,TypeA,pending,142.88,9.4,escalated|urgent|vip|reviewed,
REC00799,2024-01-16T23:57:00,TypeC,active,4747.59,99.67,archived|urgent|reviewed,
REC00485,2024-01-16T08:15:00,TypeA,failed,1978.54,94.04,archived|vip,
REC00076,2024-01-15T11:48:00,TypeC,completed,1867.39,39.29,urgent|flagged|archived|reviewed,
REC00248,2024-01-15T20:24:00,TypeB,active,991.59,7.93,,
REC01056,2024-01-17T12:48:00,TypeB,completed,2687.39,12.04,archived|flagged|escalated,
REC01055,2024-01-17T12:45:00,TypeB,completed,207.1,67.66,reviewed|flagged,
REC00429,2024-01-16T05:27:00,TypeB,pending,908.87,85.81,,alpha
REC01039,2024-01-17T11:57:00,TypeD,pending,274.18,7.24,escalated,gamma
REC00072,2024-01-15T11:36:00,TypeB,completed,4764.17,13.26,flagged|urgent|vip|escalated,
REC00044,2024-01-15T10:12:00,TypeA,completed,107.22,55.41,vip|urgent|archived,
REC00037,2024-01-15T09:51:00,TypeA,pending,1636.65,51.83,archived|urgent|escalated|vip,
REC00480,2024-01-16T08:00:00,TypeB,failed,2511.27,40.83,flagged,beta
REC00166,2024-01-15T16:18:00,TypeC,active,1425.81,21.47,archived,
REC00264,2024-01-15T21:12:00,TypeB,pending,1628.51,20.08,,
REC00377,2024-01-16T02:51:00,TypeB,pending,1795.65,36.17,escalated|vip,
REC01010,2024-01-17T10:30:00,TypeA,active,1318.21,26.42,,beta
REC00816,2024-01-17T00:48:00,TypeA,completed,1654.27,15.58,flagged,
REC00414,2024-01-16T04:42:00,TypeD,completed,218.34,75.31,archived|escalated|flagged,
REC00973,2024-01-17T08:39:00,TypeA,failed,2291.57,20.53,reviewed|urgent|archived,
REC01105,2024-01-17T15:15:00,TypeD,failed,2593.86,,archived|reviewed,
REC00206,2024-01-15T18:18:00,TypeB,failed,3047.34,65.8,escalated|vip|archived|flagged,gamma
REC00641,2024-01-16T16:03:00,TypeB,active,4884.19,3.81,,
REC00837,2024-01-17T01:51:00,TypeB,failed,1654.22,38.55,vip|archived|urgent,
REC00857,2024-01-17T02:51:00,TypeD,completed,442.7,92.45,flagged|vip|urgent,
REC00986,2024-01-17T09:18:00,TypeC,pending,3271.1,16.38,flagged|urgent,
REC00421,2024-01-16T05:03:00,TypeB,completed,2419.13,5.48,escalated|reviewed|archived,
REC01119,2024-01-17T15:57:00,TypeB,pending,3007.23,,vip|reviewed|urgent|flagged,
REC00682,2024-01-16T18:06:00,TypeC,active,3870.26,83.48,archived|vip|flagged|reviewed,
REC00948,2024-01-17T07:24:00,TypeD,failed,938.61,46.36,urgent|escalated|reviewed|archived,
REC00768,2024-01-16T22:24:00,TypeB,failed,4844.32,32.18,archived|escalated|flagged,
REC00271,2024-01-15T21:33:00,TypeB,completed,2309.81,54.8,archived|vip|flagged|urgent,
REC00441,2024-01-16T06:03:00,TypeB,completed,1757.65,48.1,vip|flagged,
REC00007,2024-01-15T08:21:00,TypeD,completed,3649.93,28.79,,beta
REC00260,2024-01-15T21:00:00,TypeB,active,3347.19,46.21,reviewed|urgent|archived,
REC01073,2024-01-17T13:39:00,TypeD,pending,2935.76,46.38,,
REC00175,2024-01-15T16:45:00,TypeA,active,1927.32,98.38,vip|flagged,
REC00977,2024-01-17T08:51:00,TypeA,failed,1175.99,38.17,,
REC00915,2024-01-17T05:45:00,TypeA,completed,4414.78,35.32,archived|flagged|escalated|reviewed,
REC00926,2024-01-17T06:18:00,TypeC,active,2715.87,91.95,reviewed,
REC00790,2024-01-16T23:30:00,TypeD,pending,4746.32,21.99,urgent|archived|escalated,
REC00439,2024-01-16T05:57:00,TypeC,pending,1014.61,47.05,escalated,
REC00070,2024-01-15T11:30:00,TypeB,completed,4890.85,93.63,,
REC00052,2024-01-15T10:36:00,TypeB,completed,1741.54,1.82,urgent|vip,gamma
REC00015,2024-01-15T08:45:00,TypeB,active,70.19,83.11,flagged,
REC00910,2024-01-17T05:30:00,TypeD,failed,910.08,30.3,escalated,
REC00196,2024-01-15T17:48:00,TypeA,failed,3359.43,11.7,,
REC00326,2024-01-16T00:18:00,TypeC,active,561.87,30.89,,
REC00084,2024-01-15T12:12:00,TypeA,completed,1203.24,25.84,reviewed|urgent|archived|vip,
REC00988,2024-01-17T09:24:00,TypeC,failed,3098.04,45.86,urgent|flagged|escalated|vip,
REC00873,2024-01-17T03:39:00,TypeC,active,2438.74,36.19,,
REC00618,2024-01-16T14:54:00,TypeB,completed,1515.8,32.9,archived,
REC00029,2024-01-15T09:27:00,TypeA,failed,3913.69,75.01,reviewed|archived|flagged,gamma
REC00304,2024-01-15T23:12:00,TypeD,active,804.52,35.29,archived|escalated|reviewed,
REC00547,2024-01-16T11:21:00,TypeB,active,2134.88,6.07,urgent,
REC00367,2024-01-16T02:21:00,TypeC,completed,3636.01,55.13,urgent|reviewed,
REC00748,2024-01-16T21:24:00,TypeB,active,1467.37,86.28,archived|vip|escalated,
REC00653,2024-01-16T16:39:00,TypeA,pending,2948.95,13.36,flagged|urgent|archived,
REC00713,2024-01-16T19:39:00,TypeB,failed,3912.58,73.57,,
REC00060,2024-01-15T11:00:00,TypeA,failed,122.25,30.42,urgent,
REC00380,2024-01-16T03:00:00,TypeB,failed,3785.38,8.99,,
REC00882,2024-01-17T04:06:00,TypeD,pending,653.62,42.59,urgent|archived|reviewed,
REC00285,2024-01-15T22:15:00,TypeB,pending,2053.5,50.09,escalated|reviewed|vip|archived,
REC00064,2024-01-15T11:12:00,TypeB,failed,1326.33,45.69,,
REC00994,2024-01-17T09:42:00,TypeD,pending,4952.92,50.55,urgent|vip,
REC01063,2024-01-17T13:09:00,TypeB,completed,4370.17,61.58,flagged|archived|reviewed|escalated,
REC00681,2024-01-16T18:03:00,TypeB,failed,710.98,92.57,,
REC00417,2024-01-16T04:51:00,TypeD,failed,3507.72,43.61,reviewed|urgent|archived,
REC00503,2024-01-16T09:09:00,TypeA,pending,1775.99,41.79,flagged|escalated|vip|archived,
REC01004,2024-01-17T10:12:00,TypeD,active,1124.5,87.75,reviewed,alpha
REC00574,2024-01-16T12:42:00,TypeD,completed,2889.03,35.57,flagged|reviewed|archived,
REC00118,2024-01-15T13:54:00,TypeC,pending,3001.12,65.16,urgent,
REC00640,2024-01-16T16:00:00,TypeB,failed,4189.26,3.99,vip|archived|escalated,gamma
REC00437,2024-01-16T05:51:00,TypeD,completed,3397.75,11.44,urgent|reviewed,
REC00849,2024-01-17T02:27:00,TypeB,completed,2364.39,0.05,flagged|reviewed,
REC00593,2024-01-16T13:39:00,TypeD,failed,2422.8,25.26,reviewed|archived|flagged|vip,
REC00279,2024-01-15T21:57:00,TypeC,pending,1904.02,45.23,flagged|vip|escalated,
REC00899,2024-01-17T04:57:00,TypeA,active,554.31,29.68,flagged|escalated|reviewed,
REC00259,2024-01-15T20:57:00,TypeC,pending,618.97,40.57,escalated,
REC00230,2024-01-15T19:30:00,TypeB,completed,4220.3,33.88,archived,alpha
REC00130,2024-01-15T14:30:00,TypeC,pending,1955.28,45.57,vip|archived,
REC00550,2024-01-16T11:30:00,TypeB,active,2557.31,31.63,,beta
REC00753,2024-01-16T21:39:00,TypeB,completed,1864.53,47.99,,
REC00053,2024-01-15T10:39:00,TypeB,failed,1235.94,44.71,vip|archived|escalated,
REC00477,2024-01-16T07:51:00,TypeA,active,1546.93,52.05,urgent|escalated,
REC00637,2024-01-16T15:51:00,TypeA,completed,4457.43,28.79,reviewed|archived|urgent,alpha
REC00896,2024-01-17T04:48:00,TypeA,failed,4133.43,64.46,escalated,
REC00462,2024-01-16T07:06:00,TypeD,failed,2059.93,29.95,flagged,
REC00091,2024-01-15T12:33:00,TypeD,pending,506.23,30.03,reviewed|archived|flagged|urgent,
REC00991,2024-01-17T09:33:00,TypeB,completed,3453.46,72.04,escalated,
REC01019,2024-01-17T10:57:00,TypeC,completed,809.38,36.5,,
REC00105,2024-01-15T13:15:00,TypeA,completed,1821.24,33.5,urgent|flagged|escalated|reviewed,
REC01000,2024-01-17T10:00:00,TypeD,pending,1159.49,25.44,flagged,
REC00468,2024-01-16T07:24:00,TypeD,completed,3685.56,67.62,vip|escalated|archived|urgent,
REC00835,2024-01-17T01:45:00,TypeC,failed,1021.92,37.16,vip|archived|flagged,
REC00102,2024-01-15T13:06:00,TypeB,failed,1789.58,82.16,urgent|vip|archived,
REC00846,2024-01-17T02:18:00,TypeD,completed,1514.57,23.23,flagged,
REC01051,2024-01-17T12:33:00,TypeD,failed,4096.74,55.29,vip|archived|reviewed|urgent,gamma
REC00080,2024-01-15T12:00:00,TypeB,active,2366.2,34.37,flagged|vip,
REC00855,2024-01-17T02:45:00,TypeC,pending,3650.44,64.71,urgent|escalated,
REC00766,2024-01-16T22:18:00,TypeC,pending,3898.46,91.66,escalated,
REC01104,2024-01-17T15:12:00,TypeB,failed,1978.62,,escalated|reviewed,
REC01147,2024-01-17T17:21:00,TypeB,active,2907.95,,urgent,
REC00292,2024-01-15T22:36:00,TypeA,active,792.29,75.95,,alpha
REC00671,2024-01-16T17:33:00,TypeA,failed,59.11,55.32,escalated,
REC00944,2024-01-17T07:12:00,TypeB,pending,1158.78,9.88,urgent|flagged|archived|reviewed,
REC00826,2024-01-17T01:18:00,TypeD,completed,3924.08,53.17,archived,beta
REC00598,2024-01-16T13:54:00,TypeC,active,4094.49,60.37,reviewed|vip|escalated,
REC00786,2024-01-16T23:18:00,TypeB,pending,3577.71,93.86,flagged|archived,
REC00839,2024-01-17T01:57:00,TypeC,failed,4502.16,40.93,,alpha
REC00194,2024-01-15T17:42:00,TypeB,active,3883.76,34.64,reviewed,
REC00665,2024-01-16T17:15:00,TypeB,pending,2775.04,40.51,reviewed,
REC00697,2024-01-16T18:51:00,TypeD,active,27.96,9.15,reviewed|vip|flagged,
REC00537,2024-01-16T10:51:00,TypeD,active,4500.48,25.49,archived|reviewed|vip,
REC00575,2024-01-16T12:45:00,TypeB,failed,1854.84,96.25,escalated|reviewed,
REC00201,2024-01-15T18:03:00,TypeD,active,1699.65,86.17,flagged|archived,
REC00902,2024-01-17T05:06:00,TypeC,failed,239.44,98.19,urgent|archived,
REC01093,2024-01-17T14:39:00,TypeC,pending,3487.18,,urgent|escalated,
REC00793,2024-01-16T23:39:00,TypeA,pending,3825.42,59.09,vip|archived|reviewed|escalated,
REC00472,2024-01-16T07:36:00,TypeD,pending,4741.65,48.25,,
REC00207,2024-01-15T18:21:00,TypeA,active,206.98,63.36,urgent,
REC00731,2024-01-16T20:33:00,TypeB,completed,4058.19,50.18,reviewed|escalated|flagged|vip,
REC01014,2024-01-17T10:42:00,TypeA,completed,3394.83,46.36,escalated|archived|reviewed,beta
REC01121,2024-01-17T16:03:00,TypeC,pending,4102.03,,,beta
REC00848,2024-01-17T02:24:00,TypeD,completed,2494.4,43.53,escalated|reviewed|archived|urgent,
REC00616,2024-01-16T14:48:00,TypeB,completed,4103.85,78.89,urgent|reviewed,
REC00237,2024-01-15T19:51:00,TypeC,failed,1904.43,44.14,vip,
REC00495,2024-01-16T08:45:00,TypeA,failed,1130.11,62.94,flagged|escalated,
REC01079,2024-01-17T13:57:00,TypeB,pending,678.72,75.38,escalated|urgent|flagged,
REC00246,2024-01-15T20:18:00,TypeC,active,4893.37,1.6,flagged|escalated|reviewed|archived,gamma
REC00564,2024-01-16T12:12:00,TypeB,completed,4839.1,71.21,,alpha
REC00729,2024-01-16T20:27:00,TypeC,pending,153.51,21.97,vip|archived,
REC01033,2024-01-17T11:39:00,TypeC,completed,540.18,9.5,flagged,gamma
REC01035,2024-01-17T11:45:00,TypeC,pending,2845.34,51.11,archived|reviewed|vip,
REC00756,2024-01-16T21:48:00,TypeC,pending,1507.61,46.15,reviewed|archived,alpha
REC00226,2024-01-15T19:18:00,TypeB,active,1071.34,9.22,flagged|escalated,
REC00489,2024-01-16T08:27:00,TypeB,active,1118.68,84.97,escalated,beta
REC01152,2024-01-17T17:36:00,TypeA,pending,2099.05,,reviewed,beta
REC00809,2024-01-17T00:27:00,TypeD,pending,1486.88,76.12,urgent|flagged|escalated|archived,
REC00085,2024-01-15T12:15:00,TypeB,failed,1358.5,75.21,flagged|escalated|vip,gamma
REC00772,2024-01-16T22:36:00,TypeA,pending,4621.42,10.92,escalated|urgent,
REC00412,2024-01-16T04:36:00,TypeD,pending,2630.63,49.34,,
REC00761,2024-01-16T22:03:00,TypeD,pending,76.29,62.7,reviewed,
REC00345,2024-01-16T01:15:00,TypeD,active,2710.72,69.67,escalated|vip|urgent|reviewed,
REC00353,2024-01-16T01:39:00,TypeD,pending,4192.43,58.14,,
REC00354,2024-01-16T01:42:00,TypeD,pending,378.04,25.84,escalated,
REC00916,2024-01-17T05:48:00,TypeA,completed,3145.78,69.38,urgent|vip|flagged,
REC00416,2024-01-16T04:48:00,TypeA,failed,1903.22,52.58,vip|urgent|escalated,
REC00309,2024-01-15T23:27:00,TypeA,completed,4027.85,75.85,urgent,
REC00408,2024-01-16T04:24:00,TypeC,failed,3314.57,27.5,archived|urgent,
REC00509,2024-01-16T09:27:00,TypeD,active,700.21,11.11,escalated|archived|urgent|vip,
REC00518,2024-01-16T09:54:00,TypeD,completed,216.2,46.79,urgent|vip|reviewed,gamma
REC00524,2024-01-16T10:12:00,TypeC,active,44.65,7.5,,
REC00324,2024-01-16T00:12:00,TypeB,completed,3150.71,11.8,reviewed|vip|archived,
REC00465,2024-01-16T07:15:00,TypeA,failed,4116.45,18.41,flagged|reviewed,
REC01139,2024-01-17T16:57:00,TypeC,pending,198.62,,escalated,
REC00744,2024-01-16T21:12:00,TypeC,failed,1056.57,34.74,reviewed|escalated|vip,
REC00090,2024-01-15T12:30:00,TypeB,pending,3231.07,30.38,vip,
REC00058,2024-01-15T10:54:00,TypeC,active,1789.35,0.11,urgent|archived|flagged,
REC00420,2024-01-16T05:00:00,TypeA,pending,2489.75,84.82,escalated,
REC01137,2024-01-17T16:51:00,TypeA,active,949.86,,,
REC00785,2024-01-16T23:15:00,TypeD,active,1958.71,14.09,flagged|escalated|archived|urgent,
REC00101,2024-01-15T13:03:00,TypeA,pending,1406.23,35.15,,
REC00938,2024-01-17T06:54:00,TypeD,failed,3975.03,96.98,flagged|escalated|vip|archived,
REC00281,2024-01-15T22:03:00,TypeC,active,2183.87,37.7,urgent,
REC01031,2024-01-17T11:33:00,TypeC,completed,3551.91,46.01,archived|flagged,
REC00328,2024-01-16T00:24:00,TypeD,pending,3738.98,33.17,flagged|urgent|archived|reviewed,
REC01123,2024-01-17T16:09:00,TypeD,active,3755.89,,reviewed|archived|escalated,
REC00932,2024-01-17T06:36:00,TypeB,active,3955.73,2.31,,
REC00511,2024-01-16T09:33:00,TypeD,failed,3846.97,90.41,,
REC00644,2024-01-16T16:12:00,TypeC,failed,2050.99,44.62,urgent|reviewed|escalated,
REC00784,2024-01-16T23:12:00,TypeD,active,1879.27,69.62,archived|escalated,
REC00045,2024-01-15T10:15:00,TypeC,pending,573.12,91.85,urgent,beta
REC00992,2024-01-17T09:36:00,TypeA,completed,1875.04,64.3,archived|escalated,
REC00154,2024-01-15T15:42:00,TypeA,active,1309.24,23.61,reviewed,
REC00548,2024-01-16T11:24:00,TypeD,failed,1203.01,33.85,,alpha
REC00363,2024-01-16T02:09:00,TypeC,completed,3700.27,50.89,flagged,
REC00716,2024-01-16T19:48:00,TypeC,pending,191.62,32.53,urgent|escalated|archived|vip,
REC00702,2024-01-16T19:06:00,TypeC,pending,3852.55,70.37,escalated|archived,
REC00917,2024-01-17T05:51:00,TypeB,failed,4568.5,53.85,reviewed,alpha
REC00776,2024-01-16T22:48:00,TypeA,failed,1533.51,5.84,,alpha
REC00966,2024-01-17T08:18:00,TypeA,active,193.36,12.52,escalated|reviewed|archived|vip,
REC00464,2024-01-16T07:12:00,TypeA,completed,944.57,88.96,vip|escalated|reviewed,gamma
REC00177,2024-01-15T16:51:00,TypeA,failed,4273.09,43.65,escalated,
REC00542,2024-01-16T11:06:00,TypeC,completed,2715.48,17.63,vip|flagged,
REC01150,2024-01-17T17:30:00,TypeA,pending,3182.13,,flagged|escalated|reviewed|urgent,
REC01109,2024-01-17T15:27:00,TypeC,pending,560.84,,archived|urgent,alpha
REC00619,2024-01-16T14:57:00,TypeA,active,3028.27,37.8,reviewed|vip|urgent|flagged,
REC00805,2024-01-17T00:15:00,TypeC,pending,4793.78,62.81,escalated|urgent|archived,
REC00764,2024-01-16T22:12:00,TypeA,active,252.19,7.9,,
REC00258,2024-01-15T20:54:00,TypeC,pending,3588.32,4.52,,
REC00714,2024-01-16T19:42:00,TypeC,active,3401.1,62.46,reviewed,gamma
REC00834,2024-01-17T01:42:00,TypeB,failed,3765.02,46.84,vip|reviewed|urgent,alpha
REC00492,2024-01-16T08:36:00,TypeA,completed,126.35,51.73,,
REC00135,2024-01-15T14:45:00,TypeA,active,666.77,88.57,reviewed|vip,beta
REC00852,2024-01-17T02:36:00,TypeB,failed,3660.96,11.68,reviewed|urgent|flagged|vip,
REC01001,2024-01-17T10:03:00,TypeA,active,1240.94,97.37,archived,
REC00164,2024-01-15T16:12:00,TypeA,active,3574.81,82.78,flagged|reviewed|archived|urgent,
REC01134,2024-01-17T16:42:00,TypeC,completed,1256.75,,,
REC00180,2024-01-15T17:00:00,TypeC,pending,4474.77,24.24,vip|reviewed|flagged,
REC01087,2024-01-17T14:21:00,TypeD,active,4177.33,,urgent|escalated|vip|flagged,
REC00419,2024-01-16T04:57:00,TypeD,failed,599.41,22.07,,
REC01040,2024-01-17T12:00:00,TypeC,active,4016.14,6.1,,
REC00953,2024-01-17T07:39:00,TypeC,failed,1633.47,20.95,reviewed|escalated|flagged|urgent,
REC00418,2024-01-16T04:54:00,TypeB,pending,3355.2,74.04,escalated|urgent|flagged,
REC00588,2024-01-16T13:24:00,TypeD,active,4510.1,20.46,vip|flagged,alpha
REC01012,2024-01-17T10:36:00,TypeB,pending,406.73,10.68,vip|archived,
REC00903,2024-01-17T05:09:00,TypeC,completed,3549.12,74.64,vip|flagged|escalated|reviewed,
REC00842,2024-01-17T02:06:00,TypeC,completed,2233.96,23.29,archived,
REC00798,2024-01-16T23:54:00,TypeA,active,3717.08,67.75,reviewed,beta
REC00434,2024-01-16T05:42:00,TypeB,completed,3537.64,71.94,flagged|vip,
REC01072,2024-01-17T13:36:00,TypeD,failed,4349.71,98.2,archived,alpha
REC00425,2024-01-16T05:15:00,TypeB,pending,1045.46,65.23,vip|archived|reviewed,
REC01107,2024-01-17T15:21:00,TypeD,pending,396.83,,urgent,
REC01082,2024-01-17T14:06:00,TypeB,completed,3748.5,,reviewed|archived|vip,
REC00079,2024-01-15T11:57:00,TypeA,failed,2259.79,75.27,archived|urgent,
REC00711,2024-01-16T19:33:00,TypeB,active,3865.95,37.46,,beta
REC00033,2024-01-15T09:39:00,TypeA,active,2174.71,87.17,urgent,
REC00202,2024-01-15T18:06:00,TypeB,completed,2181.6,42.24,urgent|flagged|escalated|reviewed,
REC00195,2024-01-15T17:45:00,TypeB,pending,3345.61,89.39,reviewed|archived,
REC00370,2024-01-16T02:30:00,TypeC,active,3524.93,21.83,archived|reviewed|flagged,
REC00617,2024-01-16T14:51:00,TypeA,active,1839.96,94.21,reviewed|archived|urgent,
REC00269,2024-01-15T21:27:00,TypeB,failed,628.36,13.14,archived|escalated,
REC00333,2024-01-16T00:39:00,TypeC,active,298.03,10.72,urgent|reviewed|archived,
REC00054,2024-01-15T10:42:00,TypeC,active,4912.38,34.27,archived,
REC00555,2024-01-16T11:45:00,TypeC,active,3501.83,1.57,vip|urgent|archived,
REC01127,2024-01-17T16:21:00,TypeD,pending,3723.74,,flagged|reviewed,
REC00664,2024-01-16T17:12:00,TypeC,pending,3726.18,23.2,archived|escalated|reviewed,
REC01076,2024-01-17T13:48:00,TypeA,active,1697.63,82.19,escalated|vip|archived,
REC00590,2024-01-16T13:30:00,TypeC,pending,3875.4,31.55,urgent|flagged,
REC00366,2024-01-16T02:18:00,TypeD,failed,2233.14,56.87,reviewed|escalated,beta
REC00004,2024-01-15T08:12:00,TypeC,active,524.25,57.12,flagged,gamma
REC00190,2024-01-15T17:30:00,TypeD,pending,4029.13,79.89,reviewed|flagged,
REC00656,2024-01-16T16:48:00,TypeD,completed,2286.52,86.36,vip|archived|urgent,alpha
REC00694,2024-01-16T18:42:00,TypeB,pending,3490.36,57.81,,
REC00513,2024-01-16T09:39:00,TypeD,pending,2855.1,71.92,reviewed|archived|vip,
REC00678,2024-01-16T17:54:00,TypeD,failed,814.01,72.61,reviewed|flagged|escalated|vip,
REC01116,2024-01-17T15:48:00,TypeD,completed,2284.77,,vip|archived|flagged|reviewed,
REC00128,2024-01-15T14:24:00,TypeB,pending,2004.73,51.79,flagged|urgent|reviewed,
REC00257,2024-01-15T20:51:00,TypeB,completed,98.26,59.94,archived|escalated|reviewed|flagged,
REC00225,2024-01-15T19:15:00,TypeA,active,1996.95,52.1,escalated|flagged,
REC00736,2024-01-16T20:48:00,TypeD,pending,4152.67,68.85,reviewed|vip|escalated|archived,
REC01142,2024-01-17T17:06:00,TypeC,failed,56.31,,flagged|escalated|reviewed|vip,
REC00139,2024-01-15T14:57:00,TypeD,pending,1267.64,53.57,vip|flagged|escalated,
REC00307,2024-01-15T23:21:00,TypeC,failed,153.3,71.82,flagged,gamma
REC00569,2024-01-16T12:27:00,TypeA,failed,1069.55,32.81,,
REC01032,2024-01-17T11:36:00,TypeB,active,797.67,48.4,urgent|flagged|archived,
REC01143,2024-01-17T17:09:00,TypeD,failed,4818.66,,archived|reviewed|flagged,
REC00573,2024-01-16T12:39:00,TypeC,pending,188.0,13.6,escalated|archived|urgent,
REC00082,2024-01-15T12:06:00,TypeB,pending,1047.28,90.6,escalated|reviewed|archived,
REC00188,2024-01-15T17:24:00,TypeB,active,1772.13,63.88,archived|flagged|reviewed,
REC00063,2024-01-15T11:09:00,TypeC,pending,1889.33,45.14,,
REC00683,2024-01-16T18:09:00,TypeB,pending,2268.6,50.31,,
REC00422,2024-01-16T05:06:00,TypeB,completed,1678.34,51.82,,
REC00158,2024-01-15T15:54:00,TypeA,active,1730.87,14.18,,alpha
REC00812,2024-01-17T00:36:00,TypeB,pending,4552.7,16.47,reviewed|archived,
REC00376,2024-01-16T02:48:00,TypeC,pending,2081.52,71.01,reviewed|urgent,alpha
REC00296,2024-01-15T22:48:00,TypeA,failed,282.38,23.83,urgent,
REC00430,2024-01-16T05:30:00,TypeD,active,80.81,72.13,archived,
REC00251,2024-01-15T20:33:00,TypeC,completed,1415.97,63.92,urgent|vip|archived,
REC00458,2024-01-16T06:54:00,TypeD,active,2182.25,82.52,flagged|escalated|urgent|archived,
REC01124,2024-01-17T16:12:00,TypeD,active,313.87,,reviewed|escalated|archived|flagged,
REC01088,2024-01-17T14:24:00,TypeB,active,2065.28,,urgent,
REC00396,2024-01-16T03:48:00,TypeB,active,3659.68,27.3,urgent,
REC00680,2024-01-16T18:00:00,TypeA,failed,2069.36,54.36,,
REC00229,2024-01-15T19:27:00,TypeB,failed,2937.69,21.36,archived|urgent,
REC00662,2024-01-16T17:06:00,TypeB,completed,1305.23,6.09,escalated,
REC00078,2024-01-15T11:54:00,TypeD,completed,957.35,37.33,urgent|archived|reviewed,
REC01099,2024-01-17T14:57:00,TypeD,failed,2796.1,,reviewed|flagged|escalated|vip,
REC00876,2024-01-17T03:48:00,TypeB,pending,2304.27,64.75,urgent|escalated|reviewed|flagged,
REC00810,2024-01-17T00:30:00,TypeD,pending,2157.96,88.28,reviewed|escalated|archived|vip,
REC00005,2024-01-15T08:15:00,TypeA,pending,3098.86,49.64,archived|flagged|vip|escalated,
REC00934,2024-01-17T06:42:00,TypeC,completed,2679.39,7.5,flagged|escalated|vip|urgent,
REC00287,2024-01-15T22:21:00,TypeC,completed,4892.35,82.6,reviewed|urgent|flagged|archived,
REC00108,2024-01-15T13:24:00,TypeC,completed,2309.3,78.38,urgent|escalated|reviewed|archived,
REC00881,2024-01-17T04:03:00,TypeC,active,4605.95,64.83,escalated|urgent,
REC00600,2024-01-16T14:00:00,TypeD,failed,1140.1,18.5,archived|vip,
REC00506,2024-01-16T09:18:00,TypeD,failed,4952.95,91.17,archived|reviewed,
REC00379,2024-01-16T02:57:00,TypeC,completed,668.0,0.9,urgent|flagged|reviewed,
REC00742,2024-01-16T21:06:00,TypeB,active,3478.21,39.61,urgent,
REC00989,2024-01-17T09:27:00,TypeC,completed,3715.01,49.32,,alpha
REC00614,2024-01-16T14:42:00,TypeB,active,1050.02,54.28,,
REC00906,2024-01-17T05:18:00,TypeA,active,163.09,36.78,archived|reviewed|vip|flagged,
REC01024,2024-01-17T11:12:00,TypeC,failed,2987.88,65.24,urgent|vip|archived|reviewed,
REC00947,2024-01-17T07:21:00,TypeC,active,428.95,67.61,archived|vip|escalated,
REC00577,2024-01-16T12:51:00,TypeA,active,4486.45,59.55,vip|escalated|flagged,alpha
REC00612,2024-01-16T14:36:00,TypeD,completed,3196.78,88.7,archived|flagged|escalated|vip,
REC00631,2024-01-16T15:33:00,TypeD,active,2331.8,83.46,urgent|vip|archived|reviewed,
REC00763,2024-01-16T22:09:00,TypeA,completed,119.28,44.16,escalated|vip,
REC00870,2024-01-17T03:30:00,TypeA,pending,3033.58,1.58,archived|escalated|flagged,
REC00245,2024-01-15T20:15:00,TypeC,active,4626.15,9.76,archived|reviewed,gamma
REC00182,2024-01-15T17:06:00,TypeD,pending,200.35,54.34,vip,
REC00244,2024-01-15T20:12:00,TypeB,failed,4178.06,11.92,flagged,
REC00642,2024-01-16T16:06:00,TypeA,pending,1645.78,69.44,urgent,
REC00499,2024-01-16T08:57:00,TypeA,completed,4807.09,32.94,urgent|archived,
REC00440,2024-01-16T06:00:00,TypeA,pending,4837.1,34.43,vip,
REC00803,2024-01-17T00:09:00,TypeD,active,1115.36,98.67,,alpha
REC00502,2024-01-16T09:06:00,TypeC,active,2805.73,70.12,vip|urgent,
REC00889,2024-01-17T04:27:00,TypeA,active,2203.19,21.74,urgent|archived,
REC00527,2024-01-16T10:21:00,TypeC,failed,1284.76,13.41,flagged|urgent,
REC00933,2024-01-17T06:39:00,TypeC,active,4683.68,10.39,reviewed|archived,
REC01058,2024-01-17T12:54:00,TypeC,active,4541.18,23.4,reviewed,
REC00622,2024-01-16T15:06:00,TypeC,completed,1176.57,21.64,urgent|vip|escalated,
REC00223,2024-01-15T19:09:00,TypeD,failed,1010.15,75.02,flagged,
REC00739,2024-01-16T20:57:00,TypeD,completed,2769.76,0.55,,
REC00792,2024-01-16T23:36:00,TypeA,active,2247.55,21.29,,
REC00558,2024-01-16T11:54:00,TypeD,active,338.46,37.37,vip|reviewed|escalated,
REC00200,2024-01-15T18:00:00,TypeC,pending,2558.02,48.47,urgent,
REC00121,2024-01-15T14:03:00,TypeC,failed,4941.31,66.78,urgent|flagged|escalated,
REC00866,2024-01-17T03:18:00,TypeD,active,3007.91,10.0,urgent,
REC00432,2024-01-16T05:36:00,TypeB,pending,4754.85,41.47,vip|archived,
REC00460,2024-01-16T07:00:00,TypeD,completed,4130.59,40.62,,
REC00046,2024-01-15T10:18:00,TypeA,active,1359.53,12.96,vip|flagged|archived,gamma
REC00737,2024-01-16T20:51:00,TypeC,pending,667.16,37.27,,gamma
REC00415,2024-01-16T04:45:00,TypeD,active,4624.84,19.16,flagged|urgent|reviewed|archived,
REC00371,2024-01-16T02:33:00,TypeA,active,1216.26,5.68,escalated,alpha
REC00220,2024-01-15T19:00:00,TypeC,failed,4882.17,24.61,vip|archived|reviewed,
REC00995,2024-01-17T09:45:00,TypeA,completed,2466.11,22.44,,
REC00066,2024-01-15T11:18:00,TypeB,active,1161.37,64.99,archived|vip|urgent,
REC01148,2024-01-17T17:24:00,TypeC,failed,4997.49,,urgent|flagged|vip,gamma
REC00905,2024-01-17T05:15:00,TypeC,active,3130.56,86.56,escalated|flagged|reviewed|vip,
REC00559,2024-01-16T11:57:00,TypeD,active,1556.35,78.43,reviewed|flagged,alpha
REC00035,2024-01-15T09:45:00,TypeD,failed,4137.43,87.82,escalated,
REC00585,2024-01-16T13:15:00,TypeD,active,3116.02,82.49,escalated|archived|reviewed,gamma
REC00620,2024-01-16T15:00:00,TypeA,completed,276.55,5.54,urgent|escalated|reviewed|flagged,
REC00444,2024-01-16T06:12:00,TypeB,completed,856.79,94.15,urgent|archived,
REC00360,2024-01-16T02:00:00,TypeD,completed,1140.82,24.87,urgent|reviewed|escalated|archived,
REC01020,2024-01-17T11:00:00,TypeA,pending,1093.36,25.65,,
REC00110,2024-01-15T13:30:00,TypeA,completed,3126.76,20.83,archived|vip|reviewed,
REC00762,2024-01-16T22:06:00,TypeB,completed,2175.82,63.55,reviewed,
REC00712,2024-01-16T19:36:00,TypeD,failed,4976.14,98.84,,
REC00945,2024-01-17T07:15:00,TypeB,failed,2360.23,15.75,archived|reviewed|urgent,
REC00387,2024-01-16T03:21:00,TypeD,active,4906.91,79.08,flagged|reviewed|vip,
REC00808,2024-01-17T00:24:00,TypeC,pending,4132.17,89.51,flagged,
REC01098,2024-01-17T14:54:00,TypeA,active,3162.79,,,
REC00385,2024-01-16T03:15:00,TypeD,failed,4536.03,37.56,urgent,
REC00904,2024-01-17T05:12:00,TypeA,active,4924.07,4.34,archived|flagged|reviewed|escalated,
REC00343,2024-01-16T01:09:00,TypeD,failed,1312.8,22.72,escalated,
REC00491,2024-01-16T08:33:00,TypeC,active,4520.4,30.93,vip|escalated,
REC00777,2024-01-16T22:51:00,TypeB,completed,3391.36,28.94,archived|urgent|flagged|reviewed,
REC00754,2024-01-16T21:42:00,TypeB,completed,775.4,55.07,,gamma
REC00696,2024-01-16T18:48:00,TypeC,completed,861.03,82.99,vip|flagged|reviewed,
REC00976,2024-01-17T08:48:00,TypeA,active,2822.25,96.95,flagged|reviewed|vip,
REC00584,2024-01-16T13:12:00,TypeA,failed,480.11,58.62,vip,
REC00922,2024-01-17T06:06:00,TypeD,active,54.7,47.81,flagged|escalated|urgent,
REC00322,2024-01-16T00:06:00,TypeC,active,691.4,70.7,reviewed|vip|urgent,
REC00507,2024-01-16T09:21:00,TypeC,failed,1054.35,25.19,,
REC00435,2024-01-16T05:45:00,TypeB,active,4728.33,66.54,archived,
REC00165,2024-01-15T16:15:00,TypeC,pending,31.76,49.08,vip|reviewed|archived,
REC00576,2024-01-16T12:48:00,TypeB,completed,3833.29,30.08,reviewed|urgent,
REC00773,2024-01-16T22:39:00,TypeC,active,3994.31,8.87,,
REC00490,2024-01-16T08:30:00,TypeA,failed,4394.55,13.13,escalated|flagged|urgent,
REC00706,2024-01-16T19:18:00,TypeC,pending,1715.41,40.96,escalated|vip|flagged,
REC00780,2024-01-16T23:00:00,TypeC,active,4951.19,94.33,escalated|reviewed,gamma
REC00582,2024-01-16T13:06:00,TypeA,completed,667.51,86.81,flagged|escalated,
REC00806,2024-01-17T00:18:00,TypeD,pending,2464.99,40.44,,
REC00094,2024-01-15T12:42:00,TypeD,pending,1293.71,66.74,reviewed|archived,beta
REC00500,2024-01-16T09:00:00,TypeD,failed,4846.22,88.04,archived|reviewed|flagged|vip,
REC00348,2024-01-16T01:24:00,TypeA,active,1873.09,61.88,reviewed|urgent|flagged,gamma
REC00797,2024-01-16T23:51:00,TypeD,failed,2314.33,75.96,urgent|escalated,
REC00690,2024-01-16T18:30:00,TypeA,completed,4969.33,33.5,vip|flagged,
REC00009,2024-01-15T08:27:00,TypeA,completed,1707.21,35.02,escalated|archived|urgent,
REC00823,2024-01-17T01:09:00,TypeD,active,2219.23,9.29,reviewed|vip|escalated,alpha
REC00959,2024-01-17T07:57:00,TypeB,failed,4286.25,12.04,escalated|urgent,
REC01084,2024-01-17T14:12:00,TypeD,failed,3533.91,,urgent|reviewed|flagged,
REC00297,2024-01-15T22:51:00,TypeB,completed,40.76,86.7,flagged|archived|vip,
REC00469,2024-01-16T07:27:00,TypeC,failed,388.75,62.4,flagged|vip|escalated,
REC00315,2024-01-15T23:45:00,TypeB,active,2855.12,71.66,archived|escalated,
REC00160,2024-01-15T16:00:00,TypeA,active,1036.56,11.2,,
REC00001,2024-01-15T08:03:00,TypeC,active,1980.17,4.83,urgent|flagged|vip|escalated,
REC00796,2024-01-16T23:48:00,TypeA,pending,1673.1,70.64,vip|flagged,
REC01129,2024-01-17T16:27:00,TypeB,completed,4794.3,,,
REC01096,2024-01-17T14:48:00,TypeC,pending,3840.56,,urgent|flagged,
REC00540,2024-01-16T11:00:00,TypeA,pending,798.6,65.92,flagged|vip|reviewed|urgent,alpha
REC00351,2024-01-16T01:33:00,TypeA,active,1871.34,73.72,vip|archived,gamma
REC01053,2024-01-17T12:39:00,TypeB,completed,2517.33,10.85,archived|vip|flagged,
REC00185,2024-01-15T17:15:00,TypeA,completed,3191.47,25.25,archived|urgent|escalated,beta
REC00398,2024-01-16T03:54:00,TypeD,completed,2748.56,69.03,archived|vip,
REC00545,2024-01-16T11:15:00,TypeA,pending,507.03,37.74,reviewed|flagged,beta
REC00747,2024-01-16T21:21:00,TypeD,active,1585.42,80.75,flagged|reviewed,
REC00967,2024-01-17T08:21:00,TypeC,active,3213.6,33.95,reviewed|archived|flagged,
REC00722,2024-01-16T20:06:00,TypeB,pending,346.71,90.5,flagged,beta
REC00383,2024-01-16T03:09:00,TypeB,failed,4911.83,49.89,archived|vip,
REC01071,2024-01-17T13:33:00,TypeA,failed,118.98,16.42,urgent|escalated|archived|flagged,
REC00369,2024-01-16T02:27:00,TypeC,active,1386.6,25.75,,
REC00822,2024-01-17T01:06:00,TypeA,active,3894.24,76.63,flagged|urgent,
REC00738,2024-01-16T20:54:00,TypeA,pending,806.81,29.26,flagged|urgent,
REC00433,2024-01-16T05:39:00,TypeB,pending,4620.04,13.34,archived,
REC00270,2024-01-15T21:30:00,TypeB,pending,3704.61,28.72,escalated|vip|reviewed,
REC00411,2024-01-16T04:33:00,TypeC,pending,2957.05,30.65,flagged|vip|escalated|urgent,
REC00098,2024-01-15T12:54:00,TypeB,failed,281.25,2.36,reviewed|archived|urgent|flagged,beta
REC00841,2024-01-17T02:03:00,TypeD,active,630.37,7.88,urgent|archived,
REC00481,2024-01-16T08:03:00,TypeD,failed,3765.63,27.54,vip|archived,
REC00155,2024-01-15T15:45:00,TypeC,active,4402.02,32.86,archived,
REC00743,2024-01-16T21:09:00,TypeC,failed,2554.14,50.13,,
REC00827,2024-01-17T01:21:00,TypeC,completed,3698.57,21.42,archived|flagged,
REC00319,2024-01-15T23:57:00,TypeD,failed,4651.74,69.16,escalated|urgent|reviewed,
REC00482,2024-01-16T08:06:00,TypeC,pending,1306.04,77.14,,
REC00454,2024-01-16T06:42:00,TypeB,active,3990.32,77.02,reviewed,
REC00607,2024-01-16T14:21:00,TypeC,completed,1909.55,83.97,reviewed,
REC00438,2024-01-16T05:54:00,TypeA,completed,2454.68,1.78,urgent|reviewed|archived,
REC00734,2024-01-16T20:42:00,TypeB,pending,3267.59,10.65,escalated|urgent|reviewed|archived,
REC00204,2024-01-15T18:12:00,TypeC,completed,646.58,97.27,,
REC00227,2024-01-15T19:21:00,TypeD,active,1239.06,92.26,flagged|urgent|vip,
REC00811,2024-01-17T00:33:00,TypeA,completed,4735.27,1.39,vip|urgent,
REC00374,2024-01-16T02:42:00,TypeD,completed,880.78,86.33,,gamma
REC00403,2024-01-16T04:09:00,TypeD,completed,3563.74,39.35,flagged|escalated|vip|urgent,
REC00829,2024-01-17T01:27:00,TypeD,failed,1289.45,25.86,,
REC00228,2024-01-15T19:24:00,TypeA,active,1585.79,3.04,escalated|vip,alpha
REC00337,2024-01-16T00:51:00,TypeD,active,1423.45,66.16,vip|archived|flagged|urgent,
REC00940,2024-01-17T07:00:00,TypeA,pending,740.09,92.2,flagged|reviewed|archived,
REC00912,2024-01-17T05:36:00,TypeA,completed,3051.37,15.2,flagged|archived,alpha
REC00865,2024-01-17T03:15:00,TypeD,active,1003.1,50.26,,
REC00924,2024-01-17T06:12:00,TypeA,failed,4545.4,83.82,archived|escalated|flagged|vip,
REC00718,2024-01-16T19:54:00,TypeA,completed,4932.08,24.04,reviewed|flagged|vip,
REC00096,2024-01-15T12:48:00,TypeB,completed,3831.63,19.39,reviewed|flagged|escalated,gamma
REC00751,2024-01-16T21:33:00,TypeD,failed,4185.72,1.67,archived,gamma
REC00300,2024-01-15T23:00:00,TypeB,pending,4858.02,29.07,flagged|urgent|vip|archived,
REC00003,2024-01-15T08:09:00,TypeA,failed,257.45,22.11,reviewed|flagged|archived|urgent,
REC00987,2024-01-17T09:21:00,TypeA,pending,4410.05,43.93,archived|escalated,
REC00330,2024-01-16T00:30:00,TypeC,active,399.94,74.74,,
REC00814,2024-01-17T00:42:00,TypeD,completed,776.19,44.83,flagged|vip|urgent|escalated,
REC00308,2024-01-15T23:24:00,TypeA,active,3882.93,23.16,vip,
REC00755,2024-01-16T21:45:00,TypeA,active,1249.57,8.41,urgent|flagged,
REC00111,2024-01-15T13:33:00,TypeD,failed,3105.34,67.41,vip|urgent|flagged|reviewed,
REC00024,2024-01-15T09:12:00,TypeB,completed,3861.97,53.26,flagged|reviewed|escalated|urgent,
REC00303,2024-01-15T23:09:00,TypeB,active,3532.3,9.26,escalated|reviewed,
REC00634,2024-01-16T15:42:00,TypeC,active,2751.46,40.25,flagged,alpha
REC00758,2024-01-16T21:54:00,TypeC,failed,2064.63,93.11,reviewed|flagged|archived,gamma
REC00069,2024-01-15T11:27:00,TypeA,active,3381.78,29.09,flagged|archived|escalated|reviewed,
REC00781,2024-01-16T23:03:00,TypeB,pending,406.84,86.33,flagged,
REC00043,2024-01-15T10:09:00,TypeB,active,815.72,43.15,archived|flagged|vip|urgent,
REC00715,2024-01-16T19:45:00,TypeB,completed,500.65,70.81,reviewed,
REC00877,2024-01-17T03:51:00,TypeA,pending,1649.17,31.32,,alpha
REC00171,2024-01-15T16:33:00,TypeB,failed,3313.88,74.2,archived,
REC00144,2024-01-15T15:12:00,TypeB,failed,2922.12,58.91,flagged,
REC01061,2024-01-17T13:03:00,TypeC,completed,1866.45,51.29,urgent|reviewed,
REC00950,2024-01-17T07:30:00,TypeB,active,1146.63,83.42,urgent|vip,
REC00626,2024-01-16T15:18:00,TypeD,active,1606.47,17.16,escalated,
REC00484,2024-01-16T08:12:00,TypeA,failed,4173.66,71.18,reviewed|vip,
REC01149,2024-01-17T17:27:00,TypeC,pending,1417.09,,,
REC00952,2024-01-17T07:36:00,TypeD,active,144.89,52.6,reviewed,
REC00717,2024-01-16T19:51:00,TypeD,completed,4965.94,91.51,,
REC00431,2024-01-16T05:33:00,TypeC,active,2676.9,15.9,escalated,alpha
REC00920,2024-01-17T06:00:00,TypeD,failed,4046.35,0.47,vip,
REC00699,2024-01-16T18:57:00,TypeA,completed,4981.8,31.83,escalated|archived|reviewed|vip,
REC00725,2024-01-16T20:15:00,TypeC,completed,3013.81,55.93,flagged|urgent,
REC00745,2024-01-16T21:15:00,TypeB,failed,4853.21,20.96,vip,
REC00475,2024-01-16T07:45:00,TypeD,failed,4815.48,70.97,flagged|reviewed,
REC00373,2024-01-16T02:39:00,TypeA,active,1614.52,86.77,,
REC00443,2024-01-16T06:09:00,TypeA,failed,3237.59,13.2,flagged|urgent|vip|archived,
REC00146,2024-01-15T15:18:00,TypeA,active,4357.72,78.22,flagged|urgent|escalated,
REC00138,2024-01-15T14:54:00,TypeC,completed,4478.11,16.87,urgent|escalated,beta
REC00958,2024-01-17T07:54:00,TypeD,pending,2626.08,85.68,urgent|vip|flagged,alpha
REC00955,2024-01-17T07:45:00,TypeA,pending,3898.64,39.06,archived|vip|flagged|urgent,
REC00115,2024-01-15T13:45:00,TypeB,pending,261.45,60.05,reviewed|urgent|flagged|archived,
REC01103,2024-01-17T15:09:00,TypeB,completed,1327.81,,urgent|vip|flagged,
REC00695,2024-01-16T18:45:00,TypeA,pending,4010.8,24.0,escalated,
REC00074,2024-01-15T11:42:00,TypeB,failed,1726.36,31.61,urgent|flagged,
REC00541,2024-01-16T11:03:00,TypeA,failed,1277.16,8.89,reviewed|urgent|escalated|vip,alpha
REC00691,2024-01-16T18:33:00,TypeD,failed,3445.25,43.07,urgent,gamma
REC00599,2024-01-16T13:57:00,TypeD,completed,1818.52,89.11,escalated|urgent|vip,
REC00291,2024-01-15T22:33:00,TypeA,active,884.22,76.9,flagged|escalated|reviewed|vip,
REC00861,2024-01-17T03:03:00,TypeB,active,2131.87,98.25,urgent,
REC01110,2024-01-17T15:30:00,TypeB,completed,4174.12,,,
REC01005,2024-01-17T10:15:00,TypeA,failed,4824.63,52.09,,
REC00176,2024-01-15T16:48:00,TypeB,pending,3193.52,10.69,archived,
REC00388,2024-01-16T03:24:00,TypeC,pending,2432.9,89.1,flagged,
REC01102,2024-01-17T15:06:00,TypeD,failed,3356.86,,escalated|archived|urgent|vip,
REC00375,2024-01-16T02:45:00,TypeC,failed,4939.25,39.96,urgent|vip|flagged,
REC00133,2024-01-15T14:39:00,TypeC,failed,1833.01,80.23,escalated|urgent|vip|flagged,gamma
REC00405,2024-01-16T04:15:00,TypeB,active,338.59,75.73,escalated|reviewed,
REC01108,2024-01-17T15:24:00,TypeD,active,1293.05,,escalated|archived,
REC00604,2024-01-16T14:12:00,TypeC,pending,4498.0,95.2,reviewed|flagged,
REC00936,2024-01-17T06:48:00,TypeC,pending,1842.39,58.18,escalated,
REC00047,2024-01-15T10:21:00,TypeD,completed,456.42,5.75,archived,
REC00592,2024-01-16T13:36:00,TypeC,failed,2651.02,77.54,,
REC00073,2024-01-15T11:39:00,TypeD,failed,133.92,0.36,vip|archived|escalated,
REC00927,2024-01-17T06:21:00,TypeB,completed,126.76,27.37,,beta
REC00487,2024-01-16T08:21:00,TypeD,completed,676.49,33.87,,
REC00290,2024-01-15T22:30:00,TypeA,failed,63.56,0.28,urgent|flagged|archived|vip,
REC00636,2024-01-16T15:48:00,TypeA,completed,1280.2,60.97,flagged|urgent|vip|reviewed,gamma
REC01017,2024-01-17T10:51:00,TypeB,failed,3827.75,49.96,flagged|vip,beta
REC00301,2024-01-15T23:03:00,TypeC,failed,3259.9,96.12,flagged|escalated|reviewed,
REC00056,2024-01-15T10:48:00,TypeD,completed,2997.9,69.27,,
REC00340,2024-01-16T01:00:00,TypeA,pending,3616.61,33.15,escalated|vip,
REC00643,2024-01-16T16:09:00,TypeA,active,995.28,35.79,flagged,beta
REC00219,2024-01-15T18:57:00,TypeC,completed,1406.74,62.18,flagged|escalated|urgent|archived,
REC00709,2024-01-16T19:27:00,TypeB,completed,778.03,64.14,flagged,
REC01045,2024-01-17T12:15:00,TypeA,failed,388.42,89.86,escalated|archived,
REC00949,2024-01-17T07:27:00,TypeB,active,2234.25,81.74,escalated|archived|vip,
REC00114,2024-01-15T13:42:00,TypeA,failed,4954.87,10.23,reviewed|archived|flagged,beta
REC00382,2024-01-16T03:06:00,TypeC,active,4515.26,87.08,escalated,gamma
REC00510,2024-01-16T09:30:00,TypeA,failed,3904.04,20.4,escalated|urgent|flagged|reviewed,
REC00740,2024-01-16T21:00:00,TypeB,completed,466.52,92.51,archived|escalated|reviewed|vip,
REC00466,2024-01-16T07:18:00,TypeB,completed,4450.38,61.02,flagged|archived|vip,
REC00457,2024-01-16T06:51:00,TypeC,active,4018.69,49.26,reviewed|flagged|escalated,
REC00169,2024-01-15T16:27:00,TypeA,completed,1038.52,26.32,escalated|reviewed|archived|flagged,
REC00845,2024-01-17T02:15:00,TypeD,active,3101.07,31.89,,
REC00508,2024-01-16T09:24:00,TypeB,completed,4727.11,98.06,vip|archived|reviewed,
REC00006,2024-01-15T08:18:00,TypeC,completed,1249.65,17.98,urgent,
REC00629,2024-01-16T15:27:00,TypeD,failed,2370.61,27.71,reviewed|archived|vip|flagged,
REC00980,2024-01-17T09:00:00,TypeD,completed,3474.72,31.93,,
REC00504,2024-01-16T09:12:00,TypeC,completed,1535.68,4.42,vip,
REC01006,2024-01-17T10:18:00,TypeA,active,2701.52,9.8,vip|archived|flagged|urgent,
REC00022,2024-01-15T09:06:00,TypeC,failed,4145.99,16.14,,
REC00871,2024-01-17T03:33:00,TypeA,failed,4617.66,27.05,,
REC00659,2024-01-16T16:57:00,TypeB,failed,3007.66,87.61,,
REC00361,2024-01-16T02:03:00,TypeA,completed,1790.6,57.35,reviewed|urgent|escalated|archived,
REC00997,2024-01-17T09:51:00,TypeB,failed,4317.1,15.08,flagged|archived|urgent,beta
REC00318,2024-01-15T23:54:00,TypeA,failed,3476.44,39.36,reviewed|flagged|urgent|vip,
REC00778,2024-01-16T22:54:00,TypeC,completed,3195.87,50.91,,
REC00551,2024-01-16T11:33:00,TypeD,failed,3927.45,13.17,vip|flagged|urgent,
REC01021,2024-01-17T11:03:00,TypeD,failed,2776.52,91.84,urgent|escalated|flagged,
REC00724,2024-01-16T20:12:00,TypeD,pending,1865.35,86.12,reviewed,
REC00673,2024-01-16T17:39:00,TypeA,completed,255.71,42.65,flagged|escalated,
REC00428,2024-01-16T05:24:00,TypeD,completed,1010.75,20.94,escalated|archived|vip|flagged,
REC00086,2024-01-15T12:18:00,TypeB,pending,1362.39,24.85,vip|archived|escalated,
REC00686,2024-01-16T18:18:00,TypeC,pending,3533.96,42.88,escalated,alpha
REC00638,2024-01-16T15:54:00,TypeA,active,742.98,22.8,,
REC00769,2024-01-16T22:27:00,TypeA,failed,1320.1,92.43,archived,
REC00145,2024-01-15T15:15:00,TypeD,active,682.4,93.66,vip,alpha
REC00531,2024-01-16T10:33:00,TypeA,failed,813.96,53.09,reviewed|archived|urgent|flagged,
REC00327,2024-01-16T00:21:00,TypeD,failed,2850.24,28.95,urgent|vip|escalated|reviewed,
REC00983,2024-01-17T09:09:00,TypeA,completed,3802.39,21.64,archived|vip|reviewed|escalated,
REC00331,2024-01-16T00:33:00,TypeB,completed,1845.76,96.2,vip|reviewed|urgent|flagged,
REC00579,2024-01-16T12:57:00,TypeB,pending,129.47,8.25,,
REC00941,2024-01-17T07:03:00,TypeC,failed,970.77,68.22,reviewed|vip|flagged|escalated,
REC00278,2024-01-15T21:54:00,TypeA,failed,3830.73,58.58,archived|escalated|reviewed,
REC00140,2024-01-15T15:00:00,TypeC,active,1807.65,76.46,reviewed|vip|urgent,
REC00497,2024-01-16T08:51:00,TypeC,failed,1878.3,95.45,vip|urgent,
REC00234,2024-01-15T19:42:00,TypeA,completed,4706.43,5.93,urgent|vip|flagged|archived,
REC00179,2024-01-15T16:57:00,TypeD,active,3342.8,65.25,reviewed|vip|urgent|escalated,
REC00152,2024-01-15T15:36:00,TypeC,active,3223.66,12.33,vip|urgent,
REC00666,2024-01-16T17:18:00,TypeD,failed,4666.79,56.32,,
REC00965,2024-01-17T08:15:00,TypeC,pending,2436.67,86.39,,
REC00346,2024-01-16T01:18:00,TypeD,active,4318.75,55.06,,
REC00705,2024-01-16T19:15:00,TypeC,active,4131.91,98.33,vip|flagged|escalated,
REC00253,2024-01-15T20:39:00,TypeC,pending,825.81,37.12,urgent|flagged|archived|escalated,beta
REC00071,2024-01-15T11:33:00,TypeA,failed,4969.9,38.68,urgent,
REC00030,2024-01-15T09:30:00,TypeD,failed,2012.92,94.68,reviewed,
REC00325,2024-01-16T00:15:00,TypeD,active,581.25,28.93,archived|reviewed,beta
REC01092,2024-01-17T14:36:00,TypeB,active,376.76,,,
REC00900,2024-01-17T05:00:00,TypeC,completed,3388.99,69.69,,
REC00602,2024-01-16T14:06:00,TypeB,completed,1574.08,72.94,vip|reviewed,
REC00211,2024-01-15T18:33:00,TypeD,failed,2237.89,1.41,escalated|vip|reviewed,
REC00299,2024-01-15T22:57:00,TypeD,pending,3965.85,24.34,reviewed,
REC00093,2024-01-15T12:39:00,TypeB,active,156.11,41.18,urgent|vip,
REC00838,2024-01-17T01:54:00,TypeB,pending,4067.92,5.63,urgent|reviewed,
REC01151,2024-01-17T17:33:00,TypeD,active,3538.38,,reviewed|archived|escalated|flagged,
REC00652,2024-01-16T16:36:00,TypeA,active,2146.17,8.26,flagged|escalated|archived,
REC00274,2024-01-15T21:42:00,TypeB,pending,3033.56,34.8,,
REC00028,2024-01-15T09:24:00,TypeA,failed,4546.9,34.4,,
REC00963,2024-01-17T08:09:00,TypeC,failed,1038.08,45.04,flagged,beta
REC00423,2024-01-16T05:09:00,TypeC,completed,442.21,38.37,escalated|archived,
REC00156,2024-01-15T15:48:00,TypeD,failed,4200.16,69.76,,
REC00749,2024-01-16T21:27:00,TypeA,active,2065.6,50.96,flagged,
REC00097,2024-01-15T12:51:00,TypeD,active,4483.42,48.51,,
REC00516,2024-01-16T09:48:00,TypeA,active,478.05,97.62,,alpha
REC00236,2024-01-15T19:48:00,TypeC,failed,3791.91,10.54,flagged|vip,
REC01002,2024-01-17T10:06:00,TypeC,failed,1626.01,37.88,reviewed,
REC00352,2024-01-16T01:36:00,TypeC,pending,1785.14,32.74,urgent|vip|reviewed|archived,
REC00159,2024-01-15T15:57:00,TypeA,pending,3686.56,6.58,flagged|reviewed|urgent|vip,
REC00483,2024-01-16T08:09:00,TypeC,completed,3014.71,35.98,urgent,
REC00668,2024-01-16T17:24:00,TypeC,failed,2892.98,17.82,,
REC00632,2024-01-16T15:36:00,TypeD,failed,3102.57,15.65,,
REC00402,2024-01-16T04:06:00,TypeA,failed,3733.57,85.35,flagged|escalated|archived|urgent,
REC00404,2024-01-16T04:12:00,TypeB,completed,1318.77,84.1,escalated|vip,
REC00293,2024-01-15T22:39:00,TypeB,failed,4117.47,61.3,,
REC00771,2024-01-16T22:33:00,TypeD,pending,178.96,44.43,escalated|archived,
REC00277,2024-01-15T21:51:00,TypeC,pending,3696.45,74.33,flagged|reviewed|archived,
REC00789,2024-01-16T23:27:00,TypeA,active,726.17,55.09,flagged|vip,alpha
REC00859,2024-01-17T02:57:00,TypeA,active,4628.32,88.71,,
REC00391,2024-01-16T03:33:00,TypeB,pending,675.59,30.27,vip|flagged|urgent|archived,
REC00496,2024-01-16T08:48:00,TypeB,active,1415.73,97.39,escalated|urgent|reviewed|vip,gamma
REC00654,2024-01-16T16:42:00,TypeC,pending,3654.32,64.87,,gamma
REC00539,2024-01-16T10:57:00,TypeB,pending,4276.51,80.29,flagged|escalated,alpha
REC00335,2024-01-16T00:45:00,TypeB,failed,3187.41,40.14,,
REC00757,2024-01-16T21:51:00,TypeA,pending,1653.13,10.81,urgent|reviewed|escalated,
REC00031,2024-01-15T09:33:00,TypeA,active,2958.15,46.54,escalated,
REC00615,2024-01-16T14:45:00,TypeA,failed,2958.45,43.24,archived,
REC00782,2024-01-16T23:06:00,TypeB,failed,2318.14,71.36,,
REC00651,2024-01-16T16:33:00,TypeC,active,2872.32,54.6,urgent|archived,
REC00701,2024-01-16T19:03:00,TypeA,failed,2154.38,59.78,,
REC00068,2024-01-15T11:24:00,TypeC,completed,3261.16,69.29,escalated|reviewed|urgent|vip,beta
REC01077,2024-01-17T13:51:00,TypeC,failed,3276.31,53.96,urgent,
REC00119,2024-01-15T13:57:00,TypeD,completed,933.87,31.22,urgent,
REC00455,2024-01-16T06:45:00,TypeC,pending,4986.5,79.16,urgent|archived|flagged,
REC00113,2024-01-15T13:39:00,TypeC,active,1638.43,39.61,escalated,
REC00801,2024-01-17T00:03:00,TypeD,pending,2074.06,84.98,,
REC00851,2024-01-17T02:33:00,TypeC,failed,1721.42,9.59,vip|reviewed,
REC00549,2024-01-16T11:27:00,TypeD,active,2818.73,87.02,urgent|vip|archived,
REC00655,2024-01-16T16:45:00,TypeC,active,334.54,25.81,reviewed|escalated,
REC00243,2024-01-15T20:09:00,TypeB,completed,2460.12,31.81,urgent|reviewed|vip,
REC00316,2024-01-15T23:48:00,TypeA,pending,4173.03,77.65,urgent|escalated,
REC00239,2024-01-15T19:57:00,TypeC,active,3893.79,95.8,urgent|vip|archived,
REC00887,2024-01-17T04:21:00,TypeC,pending,1754.11,81.74,reviewed|urgent|archived,
REC00294,2024-01-15T22:42:00,TypeC,active,3580.13,35.38,urgent,
REC00474,2024-01-16T07:42:00,TypeC,active,1462.94,54.43,escalated|archived|urgent,
REC00685,2024-01-16T18:15:00,TypeD,completed,380.2,77.9,reviewed|vip|escalated,
REC01041,2024-01-17T12:03:00,TypeC,completed,3022.84,20.28,,
REC00820,2024-01-17T01:00:00,TypeD,active,4245.69,56.69,flagged|escalated,
REC00143,2024-01-15T15:09:00,TypeA,pending,281.42,56.71,urgent|escalated,
REC01132,2024-01-17T16:36:00,TypeB,completed,1707.85,,archived|reviewed|vip,
REC00075,2024-01-15T11:45:00,TypeD,pending,4700.01,19.57,,
REC00998,2024-01-17T09:54:00,TypeB,completed,4305.7,95.38,urgent|flagged|reviewed|vip,
REC00008,2024-01-15T08:24:00,TypeB,completed,768.4,48.9,,
REC00972,2024-01-17T08:36:00,TypeA,completed,3693.88,49.29,,
REC00467,2024-01-16T07:21:00,TypeB,active,1960.77,0.91,urgent,
REC00347,2024-01-16T01:21:00,TypeA,failed,4152.75,39.2,reviewed,
REC00556,2024-01-16T11:48:00,TypeA,completed,2200.69,14.05,flagged,
REC00512,2024-01-16T09:36:00,TypeC,failed,4404.18,9.81,reviewed,
REC00038,2024-01-15T09:54:00,TypeA,pending,2543.49,56.17,,
REC00265,2024-01-15T21:15:00,TypeD,failed,3885.13,93.69,,
REC00289,2024-01-15T22:27:00,TypeD,active,310.25,56.5,,
REC00036,2024-01-15T09:48:00,TypeA,failed,3884.77,60.86,reviewed,gamma
REC01145,2024-01-17T17:15:00,TypeB,pending,2583.68,,archived|reviewed|vip,
REC00813,2024-01-17T00:39:00,TypeC,active,4772.7,77.92,,
REC00191,2024-01-15T17:33:00,TypeD,failed,3120.59,8.54,reviewed|flagged,
REC01112,2024-01-17T15:36:00,TypeA,pending,2788.81,,flagged,
REC00209,2024-01-15T18:27:00,TypeB,completed,2814.89,25.8,reviewed|archived,alpha
REC00603,2024-01-16T14:09:00,TypeA,pending,4316.66,57.49,,
REC01065,2024-01-17T13:15:00,TypeC,pending,4155.39,20.9,escalated,
REC00310,2024-01-15T23:30:00,TypeA,active,1449.96,81.68,flagged|vip|archived,
REC00774,2024-01-16T22:42:00,TypeB,pending,4077.39,55.28,escalated|urgent|reviewed|archived,
REC00562,2024-01-16T12:06:00,TypeA,completed,4801.65,14.91,escalated,beta
REC00890,2024-01-17T04:30:00,TypeB,completed,4834.51,72.67,,
REC00267,2024-01-15T21:21:00,TypeA,failed,1190.9,3.94,,
REC01003,2024-01-17T10:09:00,TypeD,pending,3864.05,48.31,,
REC00288,2024-01-15T22:24:00,TypeD,active,2625.04,81.62,escalated,
REC00658,2024-01-16T16:54:00,TypeD,active,1305.97,50.64,archived|urgent|escalated,alpha
REC00129,2024-01-15T14:27:00,TypeB,pending,4420.47,84.25,,
REC00943,2024-01-17T07:09:00,TypeB,active,2943.95,98.07,urgent,
REC00676,2024-01-16T17:48:00,TypeD,failed,4963.35,2.69,vip|archived|urgent|flagged,
REC00317,2024-01-15T23:51:00,TypeA,active,3408.53,3.71,reviewed|flagged,
REC00565,2024-01-16T12:15:00,TypeA,completed,361.97,75.35,reviewed,
REC00357,2024-01-16T01:51:00,TypeD,failed,4837.97,69.29,archived|reviewed|urgent,
REC00017,2024-01-15T08:51:00,TypeA,failed,4498.67,78.0,archived|vip|escalated|reviewed,gamma
REC00413,2024-01-16T04:39:00,TypeD,completed,3093.13,37.16,,
REC00442,2024-01-16T06:06:00,TypeC,pending,3621.16,45.5,urgent|reviewed|archived|escalated,alpha
REC00611,2024-01-16T14:33:00,TypeA,pending,2494.37,5.25,vip|archived|flagged,
REC00794,2024-01-16T23:42:00,TypeD,completed,1735.15,16.07,,
REC00127,2024-01-15T14:21:00,TypeB,active,3109.05,61.47,archived,
REC01097,2024-01-17T14:51:00,TypeC,active,4619.95,,vip|escalated|flagged|urgent,
REC00471,2024-01-16T07:33:00,TypeA,failed,2244.19,75.11,vip,
REC00885,2024-01-17T04:15:00,TypeB,pending,4695.6,28.59,vip|flagged|urgent,
REC01106,2024-01-17T15:18:00,TypeC,pending,2555.24,,urgent|archived|flagged|reviewed,
REC00522,2024-01-16T10:06:00,TypeA,pending,2735.12,35.25,,alpha
REC00895,2024-01-17T04:45:00,TypeC,active,1981.54,75.96,archived|vip|reviewed,
REC01111,2024-01-17T15:33:00,TypeB,completed,1147.29,,escalated|reviewed|vip,beta
REC00698,2024-01-16T18:54:00,TypeA,failed,468.87,22.1,urgent,
REC00538,2024-01-16T10:54:00,TypeA,failed,1718.31,83.23,,
REC00923,2024-01-17T06:09:00,TypeA,pending,2350.38,8.85,flagged|reviewed|vip,
REC00543,2024-01-16T11:09:00,TypeB,pending,4363.32,90.92,flagged,
REC00231,2024-01-15T19:33:00,TypeA,completed,4354.63,45.83,,
REC00020,2024-01-15T09:00:00,TypeD,active,3175.7,95.55,flagged|archived|urgent|escalated,
REC00256,2024-01-15T20:48:00,TypeA,completed,1259.79,81.72,,gamma
REC00962,2024-01-17T08:06:00,TypeB,failed,1003.95,30.4,,
REC00925,2024-01-17T06:15:00,TypeC,failed,4877.68,95.61,archived,alpha
REC00594,2024-01-16T13:42:00,TypeD,completed,2679.55,77.98,escalated|urgent,beta
REC00162,2024-01-15T16:06:00,TypeD,completed,114.38,25.67,urgent|flagged,
REC00311,2024-01-15T23:33:00,TypeD,active,4684.33,17.64,vip|flagged,
REC00456,2024-01-16T06:48:00,TypeA,active,4334.52,5.03,archived|urgent,
REC00733,2024-01-16T20:39:00,TypeB,failed,3717.49,31.98,flagged,
REC01115,2024-01-17T15:45:00,TypeA,completed,2994.44,,vip|urgent,beta
REC01049,2024-01-17T12:27:00,TypeA,pending,317.69,32.77,,
REC01126,2024-01-17T16:18:00,TypeA,failed,4525.71,,urgent|escalated|vip,
REC01101,2024-01-17T15:03:00,TypeC,completed,2774.49,,,
REC00131,2024-01-15T14:33:00,TypeB,failed,1952.17,36.75,archived|reviewed|urgent|vip,
REC00700,2024-01-16T19:00:00,TypeD,completed,640.6,35.47,escalated|reviewed|flagged|archived,
REC00563,2024-01-16T12:09:00,TypeA,active,1179.21,16.75,archived|vip|flagged|escalated,
REC00212,2024-01-15T18:36:00,TypeD,pending,423.79,47.22,vip,alpha
REC00708,2024-01-16T19:24:00,TypeC,failed,225.71,13.11,archived|vip,
REC00693,2024-01-16T18:39:00,TypeD,completed,326.68,58.93,reviewed|vip|urgent,
REC01011,2024-01-17T10:33:00,TypeB,pending,915.17,19.55,escalated|vip|urgent,alpha
REC00400,2024-01-16T04:00:00,TypeC,failed,4955.15,82.56,,gamma
REC00517,2024-01-16T09:51:00,TypeD,active,4706.43,95.95,,
REC00124,2024-01-15T14:12:00,TypeB,failed,454.27,62.22,vip|escalated,
REC00050,2024-01-15T10:30:00,TypeD,completed,3112.3,4.32,urgent,
REC00884,2024-01-17T04:12:00,TypeC,pending,1982.12,44.89,urgent|flagged|vip|archived,
REC00364,2024-01-16T02:12:00,TypeD,completed,311.64,33.72,archived|escalated,
REC00286,2024-01-15T22:18:00,TypeD,completed,3460.97,74.65,,
REC00218,2024-01-15T18:54:00,TypeA,completed,4769.92,16.4,archived|vip|escalated,
REC00996,2024-01-17T09:48:00,TypeD,completed,1296.46,15.07,reviewed|urgent|vip,
REC00103,2024-01-15T13:09:00,TypeD,active,1623.31,73.73,urgent|archived|reviewed,
REC00010,2024-01-15T08:30:00,TypeC,failed,3488.24,6.5,vip|escalated,
REC00645,2024-01-16T16:15:00,TypeB,completed,3133.9,65.52,escalated|vip|urgent,
REC01085,2024-01-17T14:15:00,TypeC,active,1041.46,,flagged,
REC00406,2024-01-16T04:18:00,TypeC,active,3371.68,15.25,reviewed|urgent|flagged,
REC01062,2024-01-17T13:06:00,TypeA,active,4781.51,96.25,reviewed|archived|urgent,
REC00956,2024-01-17T07:48:00,TypeD,active,2943.48,15.77,flagged|escalated|vip,
REC00621,2024-01-16T15:03:00,TypeB,active,726.97,63.11,,
REC00392,2024-01-16T03:36:00,TypeD,pending,2076.87,64.22,flagged|urgent|reviewed,
REC00521,2024-01-16T10:03:00,TypeB,pending,944.97,50.7,reviewed|urgent|vip,
REC00424,2024-01-16T05:12:00,TypeD,pending,1541.17,24.85,archived|escalated|flagged,
REC00918,2024-01-17T05:54:00,TypeD,pending,4654.08,5.17,,
REC00312,2024-01-15T23:36:00,TypeA,failed,1249.62,84.67,vip|urgent,
REC00051,2024-01-15T10:33:00,TypeC,pending,913.92,93.22,escalated|reviewed,
REC00968,2024-01-17T08:24:00,TypeD,pending,4282.14,21.79,archived,
REC00136,2024-01-15T14:48:00,TypeC,active,1625.96,61.35,reviewed|flagged|archived,
REC00275,2024-01-15T21:45:00,TypeD,completed,3679.71,10.92,vip,
REC00586,2024-01-16T13:18:00,TypeB,pending,4201.32,45.73,escalated|archived,
REC00193,2024-01-15T17:39:00,TypeA,pending,1056.65,7.2,flagged|escalated,alpha
REC00268,2024-01-15T21:24:00,TypeB,pending,311.09,95.91,flagged|urgent|archived|vip,
REC00860,2024-01-17T03:00:00,TypeB,active,2682.67,83.42,archived|flagged,
REC00498,2024-01-16T08:54:00,TypeD,failed,2565.31,58.88,vip,
REC00909,2024-01-17T05:27:00,TypeB,failed,3247.49,54.25,flagged|reviewed,alpha
REC00250,2024-01-15T20:30:00,TypeA,pending,3464.29,51.96,,
REC00372,2024-01-16T02:36:00,TypeC,active,35.2,27.06,,
REC00447,2024-01-16T06:21:00,TypeC,failed,2780.91,98.8,vip,
REC00863,2024-01-17T03:09:00,TypeB,pending,2589.29,14.86,reviewed|flagged|vip,
REC00990,2024-01-17T09:30:00,TypeC,active,2003.17,38.54,archived|escalated|urgent|flagged,
REC00104,2024-01-15T13:12:00,TypeD,pending,1884.08,46.41,,
REC00505,2024-01-16T09:15:00,TypeA,failed,3865.85,34.29,flagged,
REC00401,2024-01-16T04:03:00,TypeA,pending,2035.04,55.85,escalated|flagged|archived,
REC00210,2024-01-15T18:30:00,TypeD,pending,2493.85,52.22,,
REC00669,2024-01-16T17:27:00,TypeD,pending,4784.28,45.52,escalated|flagged,
REC00635,2024-01-16T15:45:00,TypeC,failed,2209.66,27.47,urgent|flagged|escalated|archived,
REC00181,2024-01-15T17:03:00,TypeD,failed,108.09,85.85,vip|reviewed|flagged|urgent,
REC00488,2024-01-16T08:24:00,TypeA,pending,4261.15,66.78,archived|vip|reviewed|flagged,
REC00039,2024-01-15T09:57:00,TypeB,completed,2267.21,53.33,escalated|reviewed|flagged,
REC00674,2024-01-16T17:42:00,TypeD,completed,4513.62,58.95,urgent,
REC00689,2024-01-16T18:27:00,TypeD,pending,3511.13,66.19,,
REC00648,2024-01-16T16:24:00,TypeD,active,3456.47,0.46,urgent|flagged|archived|escalated,
REC00546,2024-01-16T11:18:00,TypeD,pending,558.3,55.53,urgent|archived|vip,
REC00284,2024-01-15T22:12:00,TypeD,failed,1953.69,35.77,vip|flagged|archived|urgent,
REC00362,2024-01-16T02:06:00,TypeA,completed,3961.59,79.3,reviewed,
REC00752,2024-01-16T21:36:00,TypeA,failed,1095.93,78.11,vip|escalated,
REC00978,2024-01-17T08:54:00,TypeB,active,688.66,27.79,escalated,
REC00560,2024-01-16T12:00:00,TypeC,failed,3346.66,2.3,reviewed|vip,
REC00395,2024-01-16T03:45:00,TypeB,pending,2654.36,83.96,,
REC00893,2024-01-17T04:39:00,TypeB,completed,1280.77,58.59,archived|reviewed,
REC00088,2024-01-15T12:24:00,TypeD,failed,1249.84,10.9,reviewed,
REC00344,2024-01-16T01:12:00,TypeB,completed,3251.87,18.75,vip|archived,
REC01064,2024-01-17T13:12:00,TypeD,completed,1019.91,28.11,escalated|vip|flagged,
REC00732,2024-01-16T20:36:00,TypeB,failed,3666.24,11.13,flagged|vip,
REC00216,2024-01-15T18:48:00,TypeA,pending,83.5,65.07,urgent|archived|flagged|reviewed,
REC00148,2024-01-15T15:24:00,TypeA,failed,936.43,15.92,,gamma
REC01016,2024-01-17T10:48:00,TypeA,completed,581.01,13.08,,
REC01140,2024-01-17T17:00:00,TypeB,failed,1403.63,,,
REC00832,2024-01-17T01:36:00,TypeC,failed,3064.24,62.12,flagged,
REC00929,2024-01-17T06:27:00,TypeC,failed,210.05,46.6,flagged|reviewed|urgent|vip,
REC00238,2024-01-15T19:54:00,TypeD,active,3996.26,15.7,urgent,
REC01007,2024-01-17T10:21:00,TypeA,pending,2007.86,33.74,flagged,
REC00027,2024-01-15T09:21:00,TypeC,pending,1110.11,22.68,flagged,
REC00461,2024-01-16T07:03:00,TypeC,failed,3966.82,0.45,escalated|urgent|vip,
REC00858,2024-01-17T02:54:00,TypeC,active,2383.02,32.96,reviewed,
REC00241,2024-01-15T20:03:00,TypeA,active,3571.48,55.34,archived,
REC01023,2024-01-17T11:09:00,TypeB,pending,3121.55,50.92,flagged|reviewed|escalated,alpha
REC00741,2024-01-16T21:03:00,TypeD,failed,3932.47,45.59,reviewed,
REC01008,2024-01-17T10:24:00,TypeA,completed,4323.61,12.44,reviewed|escalated|archived,alpha
